id,date,mood,period,activity_avg,appCat.communication_avg,appCat.entertainment_avg,appCat.finance_used,appCat.game_avg,appCat.office_avg,appCat.social_avg,appCat.travel_used,appCat.weather_used,appCat.merged_other_unknown_avg,appCat.merged_builtin_utilities_avg,screen_avg,sms_call_sum_weighted_avg,arousal_avg,valence_avg,mood_avg
AS14.01,2014-03-01,6.333333333333333,t=1-3,0.0,0.0,0.0,0,0.0,0.0,0.0,0,0,0.0,0.0,0.0,2.5,-0.041666666666666664,0.40277777777777773,6.319444444444444
AS14.01,2014-03-03,6.333333333333333,t=2-4,0.0,0.0,0.0,0,0.0,0.0,0.0,0,0,0.0,0.0,0.0,1.8333333333333333,0.0,0.3333333333333333,6.333333333333333
AS14.01,2014-03-16,6.333333333333333,t=3-5,0.0,0.0,0.0,0,0.0,0.0,0.0,0,0,0.0,0.0,0.0,2.5,0.0,0.3333333333333333,6.333333333333333
AS14.01,2014-03-17,6.333333333333333,t=4-6,0.0,0.0,0.0,0,0.0,0.0,0.0,0,0,0.0,0.0,0.0,2.5,0.0,0.3333333333333333,6.333333333333333
AS14.01,2014-03-18,6.333333333333333,t=5-7,0.0,0.0,0.0,0,0.0,0.0,0.0,0,0,0.0,0.0,0.0,1.6666666666666667,0.0,0.3333333333333333,6.333333333333333
AS14.01,2014-03-19,6.333333333333333,t=6-8,0.0,0.0,0.0,0,0.0,0.0,0.0,0,0,0.0,0.0,0.0,2.3333333333333335,0.0,0.3333333333333333,6.333333333333333
AS14.01,2014-03-20,6.333333333333333,t=7-9,0.0,0.0,0.0,0,0.0,0.0,0.0,0,0,0.0,0.0,0.0,1.6666666666666667,0.0,0.3333333333333333,6.333333333333333
AS14.01,2014-03-21,6.2,t=8-10,0.040773809523809525,1084.1145,175.428,0,0.0,0.0,403.86550000000005,0,0,28.259,135.0265,1137.9720001220703,1.3333333333333333,0.0,0.3333333333333333,6.333333333333333
AS14.01,2014-03-22,6.4,t=9-11,0.09420759167723398,3863.188,620.68,1,0.0,86.10300000000001,2523.4936666666667,1,0,138.71483333333333,1959.0036666666665,9748.101500113802,3.5,0.10000000000000002,0.26666666666666666,6.266666666666667
AS14.01,2014-03-23,6.8,t=10-12,0.17671474745771176,4936.4605,440.95666666666665,1,0.0,57.40200000000001,1857.2711666666667,1,0,138.40816666666666,1715.5244999999998,9443.37349983056,4.166666666666667,0.36666666666666664,0.37222222222222223,6.322222222222223
AS14.01,2014-03-24,6.0,t=11-13,0.1726723149807493,5319.7805,246.19033333333334,1,0.0,28.701000000000004,1348.3801666666668,1,1,109.08433333333335,1564.1779999999999,8430.787500580149,2.3333333333333335,0.3333333333333333,0.6000000000000001,6.566666666666666
AS14.01,2014-03-25,6.75,t=12-14,0.12654093653281323,7208.2405,535.4881666666666,1,0.0,1.505,1985.3646666666664,1,1,73.91050000000001,1103.1296666666667,10805.313000679012,5.666666666666667,0.5666666666666668,0.35000000000000003,6.333333333333333
AS14.01,2014-03-26,6.6,t=13-15,0.09929759420129665,9101.471666666666,375.48433333333327,1,0.0,1.0033333333333332,2184.4173333333333,1,1,241.34416666666672,1195.7818333333335,16882.43316662311,3.8333333333333335,0.5499999999999999,0.3833333333333333,6.508333333333333
AS14.01,2014-03-27,7.0,t=14-16,0.09660570765113989,9465.065,640.8033333333333,1,0.0,0.5016666666666666,3473.1241666666665,1,0,197.856,1193.266,17878.24399995803,2.0,0.19999999999999998,0.4666666666666666,6.55
AS14.01,2014-03-28,6.4,t=15-17,0.1299204464396585,8177.298833333334,634.5301666666666,1,0.0,91.2255,2318.288666666667,1,0,130.77233333333334,1313.7421666666667,17774.901166319843,1.6666666666666667,0.11666666666666668,0.6833333333333335,6.825
AS14.01,2014-03-29,8.0,t=16-18,0.11790394475327189,4243.712666666667,867.561,1,116.51799999999999,60.817,1333.5073333333332,1,0,148.73583333333332,5851.751666666667,11013.094666322073,3.5,-0.26666666666666666,0.6666666666666666,6.633333333333334
AS14.01,2014-03-30,7.5,t=17-19,0.09258585242482446,2805.375666666667,1255.4053333333334,1,77.67866666666667,30.4085,563.2545,1,0,169.86933333333332,4966.130166666667,8709.498999635378,4.666666666666667,-0.06666666666666665,0.8333333333333334,7.3
AS14.01,2014-03-31,7.4,t=18-20,0.0632304255675809,1700.622,1477.8820000000003,1,38.839333333333336,0.0,326.92866666666663,1,0,164.42983333333333,2804.804833333333,5856.395833651227,2.5,-0.2833333333333333,0.8083333333333332,7.483333333333333
AS14.01,2014-04-01,6.0,t=19-21,0.06298419896585372,3552.602166666667,1662.5905,1,25.588000000000005,0.0,810.0371666666666,1,0,224.01433333333333,2162.2864999999997,8813.258667111395,3.8333333333333335,-0.13333333333333333,0.7166666666666667,7.533333333333334
AS14.01,2014-04-02,6.5,t=20-22,0.09090561007108817,5041.726166666666,1357.5713333333333,1,134.42916666666667,46.193999999999996,2998.1993333333335,1,0,183.28966666666668,2084.2566666666667,13286.43333462874,2.5,0.01666666666666668,0.325,6.716666666666666
AS14.01,2014-04-03,6.4,t=21-23,0.102190299703922,6380.6928333333335,1308.387,1,86.77633333333334,76.0365,3619.5275,1,0,360.8078333333333,3140.8626666666664,18376.696500698727,3.3333333333333335,0.2333333333333333,0.43333333333333335,6.483333333333333
AS14.01,2014-04-04,6.2,t=22-24,0.0783319803524177,10541.680666666667,1266.3803333333333,1,39.1235,45.55833333333334,3560.0623333333333,1,0,307.663,2887.8835,20682.738834023476,3.5,-0.4555555555555555,0.2222222222222222,6.366666666666667
AS14.01,2014-04-05,6.8,t=23-25,0.09674358161284718,8706.867333333334,1427.7198333333333,1,0.0,15.080166666666665,2665.9775,1,0,249.958,2537.2924999999996,16883.402333577476,3.5,-0.24444444444444438,0.3111111111111111,6.316666666666667
AS14.01,2014-04-06,6.5,t=24-26,0.10993733362223819,5176.260833333334,768.8653333333333,1,0.0,0.0,1402.7098333333333,1,0,135.1505,8751.952666666668,9363.658333460493,1.6666666666666667,-0.3333333333333333,0.4333333333333333,6.533333333333334
AS14.01,2014-04-07,6.5,t=25-27,0.09298621899027021,3219.945833333333,376.60116666666664,0,57.203,0.0,629.4988333333334,1,0,116.07116666666667,7737.924333333333,6910.373166561127,2.5,-0.47500000000000003,0.5166666666666667,6.55
AS14.01,2014-04-08,6.6,t=26-28,0.06663829410188925,5110.323333333334,298.6933333333333,1,38.135333333333335,8.5535,905.3969999999999,1,0,138.40283333333335,4644.5886666666665,7969.036333163578,1.8333333333333333,-0.65,0.39166666666666666,6.55
AS14.01,2014-04-09,7.4,t=27-29,0.06528836942919157,7749.738666666667,1913.482166666667,1,19.067666666666668,5.702333333333333,1872.9431666666667,1,0,181.39300000000003,1607.9638333333332,12077.24666750431,1.5,-0.5472222222222222,0.3333333333333333,6.55
AS14.01,2014-04-10,7.4,t=28-30,0.09374618021566687,7473.558166666667,1700.3981666666668,1,0.0,2.8511666666666664,2544.1183333333333,1,0,271.5563333333333,1606.4633333333331,13453.91866775354,2.5,-0.6444444444444445,0.6527777777777778,6.983333333333334
AS14.01,2014-04-11,7.0,t=29-31,0.0921641004851132,6079.323,1820.7830000000001,1,0.5295,11.597500000000002,1971.9953333333333,0,0,204.42983333333336,1439.985,11684.334500273071,5.0,-0.5333333333333333,0.7888888888888891,7.266666666666667
AS14.01,2014-04-12,7.25,t=30-32,0.08637815519021541,4324.9456666666665,1764.4950000000001,1,0.353,7.7316666666666665,1161.0341666666666,1,0,119.47466666666666,2525.516166666667,10621.837500015898,3.0,-0.8666666666666666,0.8333333333333334,7.2
AS14.01,2014-04-13,8.0,t=31-33,0.07594711562532776,5223.307333333333,2061.7691666666665,1,0.1765,3.8658333333333332,526.9378333333334,1,0,74.65366666666667,1704.1523333333332,10933.703000426292,1.1666666666666667,-0.8416666666666667,0.775,7.191666666666666
AS14.01,2014-04-14,7.2,t=32-34,0.04442471864613484,3302.857166666666,1182.8796666666667,1,0.0,0.0,204.86283333333336,1,0,82.02416666666666,1039.2666666666667,6674.286166628201,0.0,-1.075,0.8833333333333333,7.583333333333333
AS14.01,2014-04-15,6.4,t=33-35,0.0586589437981187,4707.920833333333,3580.322333333333,1,0.0,0.0,1516.5651666666663,1,0,117.12316666666668,1232.0755,11619.77583285173,1.0,-1.1416666666666666,0.7583333333333333,7.4750000000000005
AS14.01,2014-04-16,7.2,t=34-36,0.07535540270605248,5457.0093333333325,2602.345,1,0.0,0.0,3193.8503333333333,1,0,119.27433333333333,1661.8419999999999,13122.052665472036,5.166666666666667,-0.6083333333333333,0.7666666666666667,6.933333333333334
AS14.01,2014-04-17,6.6,t=35-37,0.10207377140211689,5743.298999999999,1572.4669999999999,1,0.0,0.0,2919.4935,1,0,81.37966666666667,1523.5821666666668,13787.219832142198,3.8333333333333335,0.17500000000000002,0.6166666666666667,6.933333333333334
AS14.01,2014-04-18,6.8,t=36-38,0.08218106584187669,8689.046666666667,370.78549999999996,1,0.0,0.0,2429.2253333333333,1,0,58.87866666666667,996.051,13947.602166414266,2.8333333333333335,0.04999999999999997,0.6,6.766666666666666
AS14.01,2014-04-19,7.8,t=37-39,0.0853408449260407,7484.444166666667,505.71299999999997,1,0.0,0.0,2018.1516666666666,1,0,48.612833333333334,1366.6286666666667,13838.60366654396,1.3333333333333333,-0.4083333333333334,0.6833333333333335,6.8
AS14.01,2014-04-20,7.25,t=38-40,0.09054660087226163,5120.238833333333,516.4618333333334,1,14.542,0.0,1214.1676666666665,1,0,40.631166666666665,1376.1721666666665,13646.613666971525,1.1666666666666667,-0.43333333333333335,0.8666666666666667,7.266666666666666
AS14.01,2014-04-21,7.6,t=39-41,0.0862242598786674,4292.058166666667,649.2296666666666,1,9.694666666666667,0.0,1583.4153333333334,1,0,35.55983333333333,1251.3188333333335,10851.296500325205,2.5,-0.325,0.8416666666666667,7.358333333333333
AS14.01,2014-04-22,7.4,t=40-42,0.09253126245246894,3118.458166666667,358.14966666666663,1,4.847333333333333,0.0,1026.5120000000002,1,0,45.67216666666667,2374.595,6913.209499835971,2.5,-0.24166666666666667,0.9166666666666666,7.516666666666666
AS14.01,2014-04-23,7.6,t=41-43,0.09244783607441441,7179.3595,696.7171666666667,1,0.0,0.0,1227.2216666666666,1,0,56.629999999999995,2705.476,10413.384999434153,2.3333333333333335,-0.024999999999999984,0.9583333333333334,7.441666666666667
AS14.01,2014-04-24,7.6,t=42-44,0.0706428716690213,8585.264833333333,553.1991666666667,1,0.0,0.0,808.977,1,0,51.927166666666665,2176.4683333333337,13069.925166010857,1.5,0.12500000000000003,1.0,7.533333333333332
AS14.01,2014-04-25,7.2,t=43-45,0.05610164911198767,9715.709333333332,2531.799333333334,1,0.0,0.0,1756.8919999999998,1,0,40.62583333333333,1989.8575,18470.063999772075,1.1666666666666667,-0.10000000000000002,1.0,7.566666666666666
AS14.01,2014-04-26,7.6,t=44-46,0.07916247607205275,8358.361666666666,1871.6454999999999,1,0.0,0.0,2097.792,1,0,52.134166666666665,1539.9138333333333,16771.686999797825,2.0,-0.20000000000000004,0.9,7.3999999999999995
AS14.01,2014-04-27,7.5,t=45-47,0.15196190505673235,5325.665333333333,1023.8845,1,0.0,0.0,2374.8425,1,0,52.94766666666667,1342.4146666666668,16080.069832921028,4.666666666666667,-0.23333333333333336,0.9333333333333332,7.466666666666666
AS14.01,2014-04-28,7.6,t=46-48,0.10483256304703142,3284.892,905.4345,1,0.0,0.0,1174.4763333333333,1,0,556.2674999999999,1263.5178333333333,10339.944333076479,2.8333333333333335,-0.10000000000000002,0.9666666666666667,7.483333333333333
AS14.01,2014-04-29,7.0,t=47-49,0.05570543113955984,3587.1615,1298.552,1,0.0,0.0,1615.8526666666667,1,0,396.7455,1493.3613333333335,9884.43883307775,2.1666666666666665,-0.4333333333333334,0.9,7.566666666666666
AS14.01,2014-04-30,7.8,t=48-50,0.06301738574404582,3888.362833333333,1549.116,1,166.6525,0.0,1018.2985,1,0,220.54466666666664,3639.5144999999998,8489.349666118622,0.6666666666666666,-0.39166666666666666,0.9333333333333332,7.283333333333334
AS14.01,2014-05-01,8.0,t=49-51,0.11305769945327493,3836.4193333333333,1031.3483333333334,1,111.10166666666667,0.0,585.7335,1,0,118.47949999999999,2660.7776666666664,9013.53816584746,0.8333333333333334,-0.4166666666666667,0.8416666666666667,7.5
AS14.01,2014-05-02,7.6,t=50-52,0.08600949517566168,5918.351833333333,664.1424999999999,1,55.55083333333334,14.049,2557.773833333333,1,0,90.88799999999999,2341.9851666666664,12129.22633210818,5.833333333333333,-0.375,0.9166666666666666,7.766666666666667
AS14.01,2014-05-03,8.0,t=51-53,0.07620084220439806,7285.198666666666,417.54300000000006,1,0.0,9.366,2040.141333333333,1,0,61.99533333333333,1278.0298333333333,14245.844333052635,3.8333333333333335,-0.30000000000000004,0.9583333333333334,7.766666666666666
AS14.01,2014-05-04,8.0,t=52-54,0.06782832690445408,6277.095666666667,1577.0819999999997,1,0.0,4.683,1179.7133333333334,1,0,53.55483333333334,1065.8843333333334,11708.683000365892,2.3333333333333335,-0.23333333333333336,1.0,7.866666666666667
AS14.01,2014-05-05,8.0,t=53-55,0.1048997023697058,4525.089500000001,1443.6676666666665,1,0.0,0.0,444.4168333333334,1,0,46.72666666666667,1306.5928333333334,8188.029333432514,0.3333333333333333,-0.35000000000000003,1.0,7.933333333333334
AS14.02,2014-03-19,6.8,t=54-56,0.1657649971111607,3997.884,896.2628333333332,0,0.0,0.0,170.78983333333335,0,0,146.94500000000002,2118.217166666667,6459.929667711257,10.166666666666666,0.4666666666666666,0.5666666666666668,7.405555555555555
AS14.02,2014-03-20,7.25,t=55-57,0.2589887423355217,3362.540833333334,546.2468333333333,0,0.0,0.0,111.86683333333333,1,0,99.62516666666666,1850.3438333333331,7288.830334107081,9.0,0.4833333333333334,0.55,7.258333333333333
AS14.02,2014-03-21,7.5,t=56-58,0.2613037964312943,2598.3620000000005,154.2935,0,0.0,0.0,117.13133333333333,1,0,93.39416666666666,1841.2613333333331,5659.831167618436,10.166666666666666,-0.01666666666666668,0.6416666666666667,7.258333333333333
AS14.02,2014-03-22,6.5,t=57-59,0.2770942419952767,2580.1781666666666,311.88516666666663,0,0.0,0.0,245.8456666666667,1,0,65.51366666666667,1966.9035000000001,8395.163000027338,10.166666666666666,-0.47500000000000003,0.6916666666666668,7.3
AS14.02,2014-03-23,6.25,t=58-60,0.35940197841821103,2238.0051666666664,509.35349999999994,0,0.0,0.0,355.60683333333344,1,0,48.726166666666664,2004.8968333333332,8240.120334704718,18.5,-0.8333333333333334,0.125,6.958333333333333
AS14.02,2014-03-24,6.4,t=59-61,0.33180112827775127,2013.7758333333334,491.62000000000006,0,0.0,0.0,286.8895,1,0,51.657833333333336,1462.3921666666665,6653.4260011514025,15.0,-0.9583333333333334,-0.041666666666666664,6.541666666666667
AS14.02,2014-03-25,7.75,t=60-62,0.242301998067411,2428.0995,505.8576666666667,0,0.0,0.0,241.843,1,0,68.72633333333333,1156.6276666666665,4157.760500431062,9.833333333333334,-0.39999999999999997,-0.18333333333333335,6.366666666666667
AS14.02,2014-03-26,7.2,t=61-63,0.2122479077676489,2705.085666666667,471.8151666666666,0,0.0,0.0,180.4895,1,0,62.76766666666666,1910.3818333333331,3995.664833267531,6.666666666666667,-0.725,0.30833333333333335,7.05
AS14.02,2014-03-27,7.25,t=62-64,0.24983539323865564,2698.5383333333334,625.4376666666666,0,0.0,0.0,869.2939999999999,0,0,51.40133333333333,1982.9316666666666,5041.719166994095,5.666666666666667,-0.9833333333333333,0.4166666666666667,7.25
AS14.02,2014-03-28,6.8,t=63-65,0.2508279344057651,2807.929666666667,577.7036666666667,0,0.0,0.0,586.0985,0,0,388.3056666666667,2213.8799999999997,5669.598499655724,4.333333333333333,-0.6083333333333333,0.5083333333333333,7.316666666666666
AS14.02,2014-03-29,7.25,t=64-66,0.2560744107474271,2043.8859999999997,645.2711666666667,0,0.0,0.0,1646.0666666666666,0,0,313.7771666666667,1594.1105,4912.055832624435,6.833333333333333,-0.5,0.5333333333333333,7.016666666666666
AS14.02,2014-03-30,7.0,t=65-67,0.3415756217099359,1985.294,849.3108333333333,0,0.0,0.0,1181.2263333333333,1,0,190.28566666666666,9448.226166666669,4482.645331660907,5.833333333333333,-0.5750000000000001,0.4083333333333334,7.1000000000000005
AS14.02,2014-03-31,7.2,t=66-68,0.30869982743013885,1476.778833333333,1111.6596666666667,0,0.0,0.0,788.9376666666667,1,0,95.17250000000001,6367.339333333333,4097.865498503049,8.5,-0.85,0.5583333333333333,7.05
AS14.02,2014-04-01,7.4,t=67-69,0.23089379060686008,1967.8611666666668,780.8918333333335,0,0.0,0.0,1214.2581666666667,1,0,87.42,3753.4585000000006,4433.294165492058,12.333333333333334,-0.8583333333333334,0.4916666666666667,7.141666666666667
AS14.02,2014-04-02,6.4,t=68-70,0.22341912544828071,1673.555,369.90866666666665,0,0.0,0.0,828.9210000000002,1,0,139.32483333333334,1919.2378333333336,3896.424664735794,8.666666666666666,-0.5333333333333333,0.6583333333333333,7.266666666666667
AS14.02,2014-04-03,5.75,t=69-71,0.2729426122402143,2325.6351666666665,595.5465,0,0.0,0.0,562.4293333333334,1,0,140.13316666666665,2109.8261666666667,5336.85099975268,4.666666666666667,-0.5,0.2333333333333333,6.866666666666667
AS14.02,2014-04-04,6.4,t=70-72,0.3112865292530479,2998.958166666667,627.7075,0,0.0,0.0,199.03099999999998,1,0,102.04950000000001,1754.3885,6251.382333874702,2.1666666666666665,-0.35833333333333334,0.06666666666666667,6.241666666666667
AS14.02,2014-04-05,7.4,t=71-73,0.27432388524108203,3093.5988333333335,758.0353333333333,0,0.0,0.0,164.4505,1,0,114.59400000000001,1311.3125,5245.423001011212,3.5,-0.7833333333333332,0.06666666666666668,6.183333333333334
AS14.02,2014-04-06,4.5,t=72-74,0.2904676200949142,2690.5466666666666,758.6158333333333,0,0.0,0.0,196.81566666666666,1,0,109.42116666666668,1563.9896666666666,8887.46966787179,7.0,-0.44166666666666665,0.36666666666666664,6.791666666666667
AS14.02,2014-04-07,6.8,t=73-75,0.2527897270087614,1850.2866666666669,709.2726666666667,0,0.0,0.0,305.528,1,0,73.4465,1127.503,6789.85433324178,7.166666666666667,-0.7000000000000001,-0.39166666666666666,5.783333333333334
AS14.02,2014-04-08,6.25,t=74-76,0.1936516609984215,2673.64,707.6986666666666,0,0.0,0.0,1177.7078333333332,1,0,79.89383333333332,1259.7835,6577.9071655670805,4.666666666666667,-0.3333333333333333,-0.01666666666666668,6.133333333333333
AS14.02,2014-04-09,7.25,t=75-77,0.21235168363629062,2590.7075,445.87533333333323,0,0.0,0.0,1052.7781666666667,0,0,107.6015,1182.7691666666667,4770.0796655813865,7.166666666666667,-0.2916666666666667,0.24166666666666667,6.141666666666667
AS14.02,2014-04-10,7.25,t=76-78,0.2336758922956497,2509.9206666666664,501.0973333333333,0,0.0,0.0,693.9421666666667,0,0,93.20116666666667,1355.595,5299.5181665023165,10.5,-0.3333333333333333,0.39166666666666666,6.841666666666666
AS14.02,2014-04-11,6.5,t=77-79,0.25643709087353733,2492.6093333333333,588.9873333333334,0,0.0,0.0,487.55266666666665,1,0,113.47833333333334,1325.8855,6521.120166103045,7.166666666666667,-0.08333333333333333,0.5416666666666666,7.083333333333333
AS14.02,2014-04-12,6.0,t=78-80,0.34035922294279786,2456.5663333333337,686.6759999999999,0,0.0,0.0,397.81166666666667,1,0,125.36816666666665,1447.0986666666668,6479.332333564758,6.833333333333333,-0.25,0.5416666666666666,6.875
AS14.02,2014-04-13,7.2,t=79-81,0.3741031097327158,1994.0206666666666,349.462,0,0.0,0.0,279.6121666666666,1,0,74.41966666666666,1650.4738333333335,5073.459334095319,6.5,-1.125,-0.20833333333333334,6.375
AS14.02,2014-04-14,8.0,t=80-82,0.341757541463487,1323.8306666666665,302.54733333333337,0,0.0,0.0,167.207,1,0,65.916,1124.7065,3275.380166093509,4.166666666666667,-1.05,-0.04999999999999997,6.683333333333334
AS14.02,2014-04-15,7.25,t=81-83,0.25319402006567104,1449.106,171.72600000000003,0,0.0,0.0,95.63083333333333,1,0,38.797666666666665,923.1433333333334,2721.281666556995,9.0,-0.15833333333333335,0.4666666666666666,7.3999999999999995
AS14.02,2014-04-16,6.666666666666667,t=82-84,0.1974758113605197,972.9873333333335,103.67300000000002,0,0.0,0.0,52.14383333333333,1,0,20.246,432.43850000000003,1637.4696667989099,12.666666666666666,-0.09999999999999999,0.65,7.491666666666667
AS14.02,2014-04-17,6.5,t=83-85,0.26569347939309385,452.3851666666667,22.51466666666667,0,0.0,0.0,17.9315,0,0,3.530333333333333,244.3985,750.5781668027244,16.0,-0.20833333333333334,0.5,7.083333333333333
AS14.02,2014-04-18,6.5,t=84-86,0.38173966666463427,93.12,3.2763333333333335,0,0.0,0.0,4.231000000000001,0,0,0.0,59.09216666666668,173.92666645844778,16.666666666666668,-0.06944444444444442,0.19444444444444442,6.680555555555556
AS14.02,2014-04-19,5.666666666666667,t=85-87,0.2155745489078824,12.533666666666667,0.0,0,0.0,0.0,0.0,0,0,0.0,21.524500000000003,31.958999832471203,10.0,0.02777777777777778,0.05555555555555555,6.527777777777779
AS14.02,2014-04-20,5.0,t=86-88,0.32834757834757844,42.437333333333335,0.0,0,0.0,0.0,0.0,0,0,0.0,5.3795,100.5334999561311,4.333333333333333,-0.2916666666666667,-0.16666666666666666,6.083333333333333
AS14.02,2014-04-21,5.5,t=87-89,0.16666666666666666,24.11366666666667,0.0,0,0.0,0.0,0.0,0,0,0.0,3.3633333333333333,62.440666675567705,6.833333333333333,-0.5555555555555555,-0.1111111111111111,5.472222222222222
AS14.02,2014-04-22,5.666666666666667,t=88-90,0.08333333333333333,12.056833333333335,0.0,0,0.0,0.0,0.0,0,0,0.0,1.6816666666666666,31.220333337783853,8.166666666666666,-0.5833333333333334,-0.3055555555555555,5.361111111111112
AS14.02,2014-04-23,5.5,t=89-91,0.0375,0.0,0.0,0,0.0,0.0,53.4435,0,0,0.0,0.0,6.540000081062341,13.166666666666666,-0.9444444444444443,-0.3333333333333333,5.5
AS14.02,2014-04-24,7.0,t=90-92,0.09642857142857149,0.0,0.0,0,0.0,0.0,35.629,0,0,0.0,0.0,4.36000005404156,11.0,-0.5277777777777778,0.05555555555555558,5.555555555555556
AS14.02,2014-04-25,9.0,t=91-93,0.07736042692939252,0.0,0.0,0,0.0,0.0,17.8145,0,0,0.0,0.0,2.18000002702078,5.5,-0.47222222222222215,-0.13888888888888887,6.277777777777779
AS14.03,2014-03-24,7.8,t=92-94,0.11391945207880122,1191.8491666666666,2333.539666666667,1,0.0,82.67333333333333,0.0,1,1,246.10116666666667,436.4431666666667,3682.839833935102,5.166666666666667,0.3333333333333333,1.2666666666666666,8.200000000000001
AS14.03,2014-03-25,7.8,t=93-95,0.11068372878303508,1718.6245,3187.0725,1,0.0,116.66183333333333,0.0,1,1,529.7528333333332,293.956,5247.391500035922,3.6666666666666665,-0.2333333333333333,1.2666666666666666,7.933333333333333
AS14.03,2014-03-26,8.25,t=94-96,0.11333866663463694,1663.848,2268.6208333333334,1,0.0,139.31266666666667,0.0,1,1,419.7588333333333,651.2256666666668,4819.627500057221,4.833333333333333,-0.43333333333333335,1.2666666666666666,7.866666666666666
AS14.03,2014-03-27,7.75,t=95-97,0.10495606614824388,1462.8165,2279.7490000000003,1,0.0,78.25483333333334,0.0,1,0,244.1626666666667,433.3291666666667,4298.033499399821,3.3333333333333335,0.01666666666666668,1.1333333333333333,8.025
AS14.03,2014-03-28,8.0,t=96-98,0.10411032481671545,1114.9436666666668,1837.4055,1,0.0,37.12583333333333,0.0,1,0,86.95133333333335,521.349,3598.3270004590345,3.5,0.225,0.7833333333333333,7.925
AS14.03,2014-03-29,8.6,t=97-99,0.10193042874582754,996.7916666666666,2619.7933333333335,1,0.0,31.02933333333333,0.0,1,0,188.48033333333333,364.00066666666675,3381.427832802137,3.0,-0.08333333333333333,1.0833333333333333,7.958333333333333
AS14.03,2014-03-30,8.4,t=98-100,0.13378105715546929,545.3673333333334,2657.5038333333337,1,0.0,17.6415,0.0,0,0,165.6055,205.48300000000003,2760.114833275478,2.1666666666666665,-0.225,1.3833333333333335,8.258333333333333
AS14.03,2014-03-31,7.4,t=99-101,0.15423101821606736,819.6006666666667,2421.614833333333,1,0.0,20.843,0.0,0,1,197.1626666666667,60.29966666666667,3079.896832903227,1.3333333333333333,-0.25,1.2833333333333334,8.4
AS14.03,2014-04-01,7.6,t=100-102,0.1239299203464224,2639.704833333333,1951.2099999999998,1,0.0,8.761333333333333,0.0,0,1,140.57083333333333,1032.586,6265.593499859176,2.5,0.10000000000000002,0.9,7.933333333333334
AS14.03,2014-04-02,7.4,t=101-103,0.10402681748277154,2030.7311666666667,1719.7353333333333,1,0.0,35.62566666666666,0.0,0,1,171.4325,957.3616666666667,5330.431499600411,2.5,0.30000000000000004,0.5666666666666668,7.666666666666667
AS14.03,2014-04-03,7.8,t=102-104,0.08575444662481335,1382.9925000000003,1816.1813333333332,1,0.0,30.1795,0.0,1,0,133.63,950.0126666666666,4317.092000166576,2.3333333333333335,0.30000000000000004,0.5333333333333333,7.466666666666668
AS14.03,2014-04-04,7.8,t=103-105,0.08428332998668253,734.7443333333332,1978.1736666666666,1,0.0,16.648,0.0,1,0,122.53416666666668,10183.324666666666,2812.085333387057,1.5,0.13333333333333333,0.7666666666666666,7.633333333333333
AS14.03,2014-04-05,7.6,t=104-106,0.0845467880559438,767.1998333333332,1713.7531666666666,1,0.0,6.198,0.0,1,0,662.7061666666667,6989.567166666667,2947.343999465306,2.1666666666666665,0.13333333333333333,1.133333333333333,7.733333333333333
AS14.03,2014-04-06,6.8,t=105-107,0.1001888980202353,937.4296666666665,1953.9553333333333,1,0.0,55.297333333333334,0.0,1,0,455.06216666666677,3606.5543333333335,3388.9366657336527,4.166666666666667,0.6666666666666666,1.1333333333333333,7.699999999999999
AS14.03,2014-04-07,7.4,t=106-108,0.09104641368854056,869.3213333333333,3110.9655,1,0.0,36.5225,0.0,1,0,747.1606666666668,196.0666666666667,4837.069165428481,2.5,0.5333333333333333,0.9666666666666668,7.233333333333333
AS14.03,2014-04-08,7.4,t=107-109,0.11669396316119988,1322.2375,3050.941666666667,1,0.0,80.08816666666667,0.0,1,0,436.7956666666667,345.5363333333333,5169.44916590055,2.0,0.3666666666666667,0.9333333333333332,7.233333333333334
AS14.03,2014-04-09,7.8,t=108-110,0.1127320926598983,1059.2208333333335,2197.4558333333334,1,0.0,788.9923333333335,0.0,0,0,267.25033333333334,637.2791666666667,4921.2524996598595,2.1666666666666665,0.30000000000000004,1.0666666666666667,7.300000000000001
AS14.03,2014-04-10,7.4,t=109-111,0.10468206910590405,907.628,1347.0276666666666,1,0.0,527.2031666666667,0.0,0,0,115.49166666666667,402.43333333333334,3218.0991664330177,1.3333333333333333,0.4666666666666666,1.0666666666666667,7.6000000000000005
AS14.03,2014-04-11,7.6,t=110-112,0.10204575882023197,1258.0051666666666,1934.2235,1,0.0,257.17583333333334,6.61,0,0,1222.7459999999999,205.38049999999998,4846.353167215982,1.5,0.46666666666666673,1.0333333333333334,7.533333333333334
AS14.03,2014-04-12,7.666666666666667,t=111-113,0.11146988022515125,1569.7528333333332,2653.7471666666665,1,0.0,9.030666666666667,4.406666666666667,0,0,990.3395,91.87283333333333,5127.001166701318,0.6666666666666666,0.3333333333333333,1.0,7.566666666666666
AS14.03,2014-04-13,7.4,t=112-114,0.12159243207876319,977.6198333333332,7532.914,1,0.0,3.922833333333333,2.2033333333333336,0,0,1063.4363333333333,9796.033333333335,4077.4261663357424,3.3333333333333335,0.3,1.0,7.6000000000000005
AS14.03,2014-04-14,7.0,t=113-115,0.10144589905215666,1555.2250000000001,6148.623833333334,1,0.0,323.4046666666667,0.0,0,0,2595.917,7208.972166666666,5537.86933239301,3.0,0.24444444444444446,1.0,7.522222222222223
AS14.03,2014-04-15,7.6,t=114-116,0.09366687062618491,2620.9005,3658.100166666667,1,0.0,218.62183333333334,20.682499999999997,0,0,1661.9814999999999,4624.242333333333,5114.877499620118,2.1666666666666665,0.12222222222222223,0.9,7.2444444444444445
AS14.03,2014-04-16,8.0,t=115-117,0.10376584486099831,2711.5653333333335,1845.5663333333334,1,0.0,112.99616666666667,13.788333333333332,0,0,801.7876666666666,1203.6205,4684.633665641149,3.6666666666666665,0.13333333333333333,0.8333333333333334,7.366666666666666
AS14.03,2014-04-17,7.25,t=116-118,0.1127184617342385,2070.787333333333,2549.3241666666668,1,0.0,19.946833333333334,6.894166666666666,0,0,155.782,672.3473333333334,4693.952999512354,3.1666666666666665,0.46666666666666673,0.9,7.7
AS14.03,2014-04-18,7.5,t=117-119,0.12861151266806406,1883.1270000000002,2048.5875,1,0.0,12.066166666666668,0.0,0,0,224.11366666666672,1128.8958333333333,4942.23949988683,4.666666666666667,0.425,0.8416666666666667,7.558333333333334
AS14.03,2014-04-19,7.8,t=118-120,0.1030191517696512,1528.202,3119.070833333333,1,0.0,97.45299999999999,0.0,0,0,157.83683333333332,1537.6464999999998,5684.798333684602,5.333333333333333,0.21666666666666667,0.9166666666666666,7.5
AS14.03,2014-04-20,7.5,t=119-121,0.15221679056989842,1321.0131666666668,1661.5156666666664,1,0.0,61.28133333333333,0.0,1,0,93.32716666666666,953.2711666666665,3639.9556669791527,5.5,0.3416666666666666,0.8583333333333334,7.608333333333333
AS14.03,2014-04-21,7.4,t=120-122,0.15514892479167564,1083.0748333333333,1503.9118333333333,0,0.0,30.640666666666664,0.0,1,0,165.89166666666668,577.2993333333333,3267.4923331737505,5.166666666666667,0.325,0.9333333333333332,7.6000000000000005
AS14.03,2014-04-22,7.6,t=121-123,0.09407874443826837,644.9281666666667,2528.8755,1,0.0,0.0,0.0,1,0,940.9878333333332,547.0885,4413.331000049911,4.0,0.2833333333333334,0.9666666666666667,7.5
AS14.03,2014-04-23,7.0,t=122-124,0.07785184844465985,1149.6273333333331,2764.781833333333,1,0.0,19.774,0.0,1,0,654.4436666666667,387.49933333333337,4334.862666845324,1.8333333333333333,0.30833333333333335,0.9,7.516666666666666
AS14.03,2014-04-24,7.4,t=123-125,0.09462103199385889,1382.3043333333333,2647.0866666666666,1,0.0,13.182666666666668,0.0,1,0,353.7573333333333,236.13850000000002,4304.0006666978215,1.0,0.4666666666666666,0.8333333333333334,7.266666666666667
AS14.03,2014-04-25,7.5,t=124-126,0.10860638830714194,2201.8415,2062.3650000000002,1,0.0,6.591333333333334,0.0,0,0,131.88733333333334,127.31116666666667,4453.176500121753,0.3333333333333333,0.16666666666666666,0.9,7.300000000000001
AS14.03,2014-04-26,7.5,t=125-127,0.10848245974508337,5150.962,2648.134833333333,1,0.0,89.24899999999998,0.0,0,0,128.66066666666666,88.93633333333332,7775.132666627564,0.16666666666666666,-0.4666666666666666,0.9666666666666667,7.383333333333333
AS14.03,2014-04-27,7.6,t=126-128,0.1876271799466983,3406.403166666667,2770.850833333334,1,0.0,59.49933333333333,9.7275,0,0,111.80683333333333,258.3573333333333,6181.367666363715,4.5,-0.4916666666666667,1.0,7.483333333333333
AS14.03,2014-04-28,7.0,t=127-129,0.14018472236099178,1955.5881666666667,5158.846333333334,1,0.0,29.749666666666666,6.484999999999999,1,0,1294.019833333333,160.95000000000002,5619.106499314308,3.0,-0.9499999999999998,1.0,7.55
AS14.03,2014-04-29,7.2,t=128-130,0.10802197747926377,1815.9096666666665,4665.606666666667,1,0.0,0.0,7.180499999999999,1,0,877.3249999999999,142.58533333333332,4027.7646662791576,2.0,-1.2083333333333333,1.0,7.283333333333334
AS14.03,2014-04-30,7.0,t=129-131,0.09781609951931335,1993.0736666666664,2899.839,1,0.0,3.253,2.6253333333333333,1,0,476.3626666666666,55.695166666666665,3838.520332574845,0.3333333333333333,-0.9999999999999999,1.0,7.2
AS14.03,2014-05-01,7.2,t=130-132,0.09818281821300572,2004.7501666666667,1922.0416666666667,1,0.0,2.1686666666666667,1.3126666666666666,0,0,100.62416666666667,132.51316666666668,3833.1614991426463,0.16666666666666666,-1.0333333333333332,1.0,7.066666666666666
AS14.03,2014-05-02,7.6,t=131-133,0.11787447227657406,1461.5635,2350.110666666667,1,0.0,31.667333333333332,0.0,1,0,95.5835,990.87,3850.123499512672,0.5,-0.9,1.0,7.133333333333333
AS14.03,2014-05-03,7.75,t=132-134,0.12760011301627538,1222.8208333333334,3392.831166666667,1,0.0,20.388666666666666,0.0,1,0,404.8158333333333,798.5598333333334,5246.902499993642,5.833333333333333,-1.0666666666666667,1.2,7.366666666666666
AS14.03,2014-05-04,7.4,t=133-135,0.13698324571509968,1010.0169999999999,3535.9196666666667,1,0.0,10.194333333333333,0.0,1,0,285.99066666666664,688.2120000000001,6550.7013335227975,6.333333333333333,-0.7333333333333334,1.1333333333333333,7.608333333333333
AS14.03,2014-05-05,7.25,t=134-136,0.10178366758540068,587.83,3139.682666666667,1,0.0,0.0,0.0,1,0,181.67999999999998,278.19350000000003,5106.723500291509,5.5,-0.9333333333333332,0.9666666666666668,7.550000000000001
AS14.03,2014-05-06,7.25,t=135-137,0.09579829331652863,691.2856666666667,2270.4990000000003,1,0.0,0.0,0.0,1,0,232.85883333333334,185.91433333333336,3881.5346666971855,3.6666666666666665,-0.9666666666666667,0.9333333333333332,7.383333333333333
AS14.03,2014-05-07,7.666666666666667,t=136-138,0.08797162366774704,837.7286666666665,1219.936,1,0.0,7.451,0.0,1,0,149.1725,341.2676666666666,2485.6338328123097,2.6666666666666665,-1.0333333333333334,0.9666666666666667,7.2749999999999995
AS14.03,2014-05-08,7.666666666666667,t=137-139,0.09290032631137483,1148.1718333333333,1015.7145,1,0.0,11.919833333333331,0.0,1,0,217.66083333333336,571.1263333333333,2893.410999854406,1.1666666666666667,-0.8333333333333334,1.0,7.458333333333333
AS14.05,2014-03-17,6.0,t=138-140,0.0,4943.716166666666,1118.6751666666667,0,0.0,0.0,305.96583333333336,0,0,252.35299999999998,536.403,6679.036832610766,3.0,-0.5,0.4666666666666666,6.566666666666666
AS14.05,2014-03-18,7.5,t=139-141,0.04168526048102352,3344.5005,1112.3253333333332,0,0.0,0.0,113.92883333333333,0,0,185.981,708.6988333333333,6140.225333611171,2.5,-0.4222222222222222,0.26666666666666666,6.144444444444445
AS14.05,2014-03-19,6.75,t=140-142,0.08438812673297615,3495.4308333333333,923.0140000000001,0,0.0,0.0,0.0,0,0,123.59633333333333,596.3443333333333,6384.462500611945,5.666666666666667,-0.11944444444444446,0.6333333333333333,6.8055555555555545
AS14.05,2014-03-20,7.2,t=141-143,0.118472688009583,3926.5490000000004,987.5155,0,0.0,0.0,0.0,0,0,130.65933333333336,428.8326666666667,6375.884334365528,3.3333333333333335,0.5166666666666667,0.775,6.875
AS14.05,2014-03-21,7.25,t=142-144,0.1226581390282272,4418.932,750.8296666666665,0,0.0,0.0,0.0,0,0,143.13183333333333,224.85133333333337,5659.540666778882,2.0,0.875,0.8166666666666668,7.1000000000000005
AS14.05,2014-03-22,3.75,t=143-145,0.08686633873255852,3349.4339999999997,530.5648333333334,0,0.0,0.0,0.0,0,0,103.621,279.4491666666667,4153.083166360855,2.8333333333333335,0.5,0.8916666666666666,7.1499999999999995
AS14.05,2014-03-23,4.4,t=144-146,0.04575587036490899,2052.888,531.6275,0,0.0,0.0,0.0,0,0,103.17416666666666,161.67116666666666,2724.3406661748895,1.8333333333333333,-0.8333333333333334,-0.03333333333333336,5.491666666666667
AS14.05,2014-03-24,3.75,t=145-147,0.057174733218921116,2184.3101666666666,651.2751666666667,0,0.0,0.0,0.0,0,0,93.9635,207.0566666666667,3103.354499896368,5.833333333333333,-1.3666666666666665,-0.6666666666666666,4.658333333333334
AS14.05,2014-03-25,5.333333333333333,t=146-148,0.03477573384158399,2969.5796666666665,633.8965,0,0.0,0.0,0.0,0,0,162.10483333333332,728.9235,3715.1078337828317,3.8333333333333335,-1.8,-1.0,3.966666666666667
AS14.05,2014-03-26,5.5,t=147-149,0.03686921756769817,4663.386166666667,1653.6216666666667,0,0.0,0.0,0.0,0,0,295.33466666666664,774.06,6815.855834205943,2.5,-1.4000000000000001,-0.3333333333333333,4.6499999999999995
AS14.05,2014-03-27,5.8,t=148-150,0.034363195943723765,6361.398166666666,1346.1263333333334,0,0.0,0.0,0.0,0,0,283.298,503.91800000000006,8130.386333624523,1.0,-0.9166666666666666,0.06944444444444443,5.152777777777778
AS14.05,2014-03-28,6.2,t=149-151,0.05849458119208464,7877.128000000001,1255.1041666666667,0,0.0,0.0,0.0,0,0,263.647,484.3141666666667,10059.963167548178,1.5,-0.6333333333333333,0.2388888888888889,5.622222222222223
AS14.05,2014-03-29,6.4,t=150-152,0.054926996534302185,6056.705166666667,2563.0291666666667,0,0.0,0.0,172.5035,0,0,173.859,408.15083333333337,7578.1535005966825,1.3333333333333333,-0.2833333333333333,0.40833333333333327,5.95
AS14.05,2014-03-30,6.2,t=151-153,0.08018242869029664,3505.4738333333335,1738.626,0,0.0,0.0,115.00233333333334,0,0,140.03583333333333,476.81583333333333,4732.707167188327,2.6666666666666665,-0.30000000000000004,0.7333333333333334,6.233333333333334
AS14.05,2014-03-31,6.8,t=152-154,0.07982157928628823,2774.0163333333335,983.5371666666666,0,0.0,0.0,57.50116666666667,0,0,134.59733333333335,372.9303333333334,3702.762166500091,3.5,-0.5333333333333333,0.8333333333333334,6.266666666666667
AS14.05,2014-04-01,7.0,t=153-155,0.07004769439829589,1633.5473333333332,812.5446666666667,0,0.0,0.0,0.0,0,0,259.30833333333334,271.9355,2434.33533279101,3.0,-0.5333333333333333,0.9333333333333332,6.533333333333334
AS14.05,2014-04-02,7.0,t=154-156,0.06999668499982853,2132.736666666666,942.8351666666667,0,0.0,0.0,178.2535,0,0,211.3898333333333,346.6901666666667,3435.9319993257527,1.3333333333333333,-0.26666666666666666,0.9666666666666667,6.8
AS14.05,2014-04-03,7.2,t=155-157,0.0718286194702669,1903.7853333333333,843.721,0,0.0,0.0,273.23516666666666,0,0,247.51883333333333,388.38050000000004,3441.7366658449187,0.3333333333333333,-0.16666666666666666,1.0,6.966666666666666
AS14.05,2014-04-04,7.0,t=156-158,0.06377212069483061,2562.484,496.2991666666667,0,0.0,0.0,484.73183333333327,0,0,159.60333333333335,566.4504999999999,4190.785665750503,0.0,-0.5666666666666667,0.9,7.1000000000000005
AS14.05,2014-04-05,7.5,t=157-159,0.05049978044486501,4563.979666666667,328.9205,0,0.0,0.0,385.18266666666665,0,0,320.05816666666664,1104.4543333333334,6661.338333169621,1.5,-0.7666666666666667,0.9333333333333332,7.066666666666666
AS14.05,2014-04-06,6.8,t=158-160,0.05725498748618826,3341.6783333333333,241.68116666666666,0,0.0,0.0,186.65733333333333,0,0,464.5215,792.2728333333333,5056.666667183242,1.5,-0.43333333333333335,0.9666666666666667,7.283333333333334
AS14.05,2014-04-07,6.75,t=159-161,0.06868689438713875,3331.035833333333,561.8118333333333,0,0.0,0.0,42.6165,0,0,305.9911666666667,511.6321666666667,4486.742667198184,1.8333333333333333,-0.3333333333333333,1.0,7.066666666666666
AS14.05,2014-04-08,6.75,t=160-162,0.07076497061792329,3431.9438333333333,506.407,0,0.0,0.0,2.012,0,0,180.04966666666664,398.96533333333326,4338.4933334191655,1.3333333333333333,-0.25833333333333336,0.875,6.891666666666667
AS14.05,2014-04-09,7.0,t=161-163,0.07774239462794859,2677.0813333333335,1264.5363333333332,0,0.0,0.0,1.006,0,0,382.27983333333333,354.0796666666667,3625.100000659626,1.1666666666666667,-0.025000000000000005,0.4166666666666667,6.758333333333333
AS14.05,2014-04-10,7.2,t=162-164,0.11632751888467184,4275.190666666666,1190.7598333333333,0,0.0,0.0,3.5804999999999993,0,0,356.3748333333333,425.8143333333333,5618.452499707542,1.0,0.16666666666666666,0.5,6.875
AS14.05,2014-04-11,7.0,t=163-165,0.0720673410449104,3374.0158333333334,1083.9008333333334,0,0.0,0.0,131.219,0,0,1135.209,459.73050000000006,4735.964166482291,1.0,0.525,0.75,7.058333333333334
AS14.05,2014-04-12,7.0,t=164-166,0.0773598239841527,4130.381333333334,724.3828333333335,0,0.0,10.5635,123.353,0,0,721.1271666666668,757.4013333333332,5378.5693336327895,0.5,0.4083333333333334,0.7583333333333333,7.066666666666666
AS14.05,2014-04-13,7.5,t=165-167,0.0584123654096703,5473.745833333333,596.3705,0,0.0,7.042333333333333,450.6115,0,0,475.3045,628.1208333333333,7162.304833014808,1.6666666666666667,-0.49999999999999983,0.8666666666666667,7.033333333333334
AS14.05,2014-04-14,6.4,t=166-168,0.08926585251938972,3983.9901666666665,370.14633333333336,0,0.0,3.5211666666666663,367.0661666666667,0,0,171.39000000000001,616.4023333333333,5249.415333310763,7.5,-0.2666666666666666,0.9333333333333332,7.25
AS14.05,2014-04-15,7.0,t=167-169,0.09712065991491188,2481.9275000000002,350.718,0,0.0,0.0,764.5558333333333,0,0,286.59233333333333,624.061,4354.736666520436,4.833333333333333,-0.7222222222222222,0.7000000000000001,6.866666666666667
AS14.05,2014-04-16,7.2,t=168-170,0.08157732004088804,2926.0045000000005,464.66799999999995,0,0.0,0.0,1194.3928333333333,0,0,562.6301666666667,536.2738333333333,5511.069167137146,2.1666666666666665,-0.24444444444444438,0.7000000000000001,6.883333333333333
AS14.05,2014-04-17,6.6,t=169-171,0.0888774727112549,2214.507333333333,383.24083333333334,0,0.0,0.0,942.0531666666666,0,0,400.64000000000004,373.8675,4077.525833368301,0.0,-0.4333333333333333,0.7333333333333334,7.0
AS14.05,2014-04-18,7.5,t=170-172,0.10228512966942416,3111.9991666666665,397.43799999999993,0,0.0,0.0,831.3368333333333,0,0,241.3803333333333,460.7748333333334,4581.4769998391475,0.0,0.03333333333333336,0.7000000000000001,6.866666666666666
AS14.05,2014-04-19,7.2,t=171-173,0.11353809401084125,3623.059333333333,598.2101666666666,0,0.0,0.0,795.7643333333332,0,0,294.434,812.3870000000001,5095.151500304539,1.0,0.15833333333333335,0.8333333333333334,7.1499999999999995
AS14.05,2014-04-20,7.2,t=172-174,0.0880057065964258,2640.5495,370.2815,0,0.0,0.0,885.0005000000001,0,0,284.35816666666665,544.8486666666666,4116.304667750994,1.6666666666666667,-0.25000000000000006,0.8333333333333334,7.2
AS14.05,2014-04-21,7.2,t=173-175,0.05718172752026637,3570.2978333333335,462.11483333333337,0,0.0,0.0,1184.0168333333334,0,0,263.16633333333334,472.8098333333333,5613.181500593822,1.0,-0.8249999999999998,0.9333333333333332,7.25
AS14.05,2014-04-22,7.2,t=174-176,0.07283089158380147,4823.106,397.18850000000003,0,0.0,0.0,964.9223333333333,1,0,170.94950000000003,507.00683333333336,6858.250833431882,0.3333333333333333,-0.8333333333333334,0.9666666666666667,7.2
AS14.05,2014-04-23,7.2,t=175-177,0.07124697468850387,3923.4431666666665,365.22800000000007,0,0.0,0.0,1187.1135,1,0,201.95166666666668,565.6455,6253.006167531016,1.0,-0.19999999999999996,1.0,7.2
AS14.05,2014-04-24,7.2,t=176-178,0.078385684706874,3451.107833333333,637.2733333333334,0,0.0,0.0,1036.0383333333332,1,0,197.6105,409.85083333333324,5256.784833232562,1.1666666666666667,-0.4666666666666666,1.0,7.2
AS14.05,2014-04-25,7.2,t=177-179,0.05714249534884311,3479.3824999999997,418.1625000000001,0,0.0,0.0,810.0023333333334,0,0,158.48033333333333,396.4185,4902.804500102996,0.6666666666666666,-0.6416666666666667,1.0,7.2
AS14.05,2014-04-26,7.8,t=178-180,0.05114119896948551,3634.4893333333334,613.2716666666666,0,0.0,0.0,960.2058333333334,0,0,209.47533333333334,1004.0418333333333,5352.596501270929,1.6666666666666667,-1.0166666666666666,1.0,7.2
AS14.05,2014-04-27,7.4,t=179-181,0.12299593200816923,3504.780666666667,881.2468333333333,0,0.0,0.0,866.0133333333333,0,0,193.99616666666668,997.8563333333335,5501.4111678202935,2.5,-0.9250000000000002,1.0,7.5
AS14.05,2014-04-28,7.0,t=180-182,0.0843088153484019,3290.5065,644.9576666666667,0,0.0,0.0,708.3091666666666,0,0,210.39316666666664,629.2731666666667,4308.94566766421,1.5,-0.7666666666666666,1.0,7.5
AS14.05,2014-04-29,6.8,t=181-183,0.04478753488689235,3973.156166666666,607.5500000000001,0,0.0,0.0,578.947,0,0,214.4528333333333,411.99749999999995,4957.862500548362,1.0,-0.6333333333333333,1.0,7.266666666666667
AS14.05,2014-04-30,7.0,t=182-184,0.027154504899071643,3468.861166666666,554.0226666666666,0,0.0,0.0,1451.3933333333332,0,0,271.14616666666666,183.52166666666668,4442.08966632684,0.3333333333333333,-0.09999999999999994,0.9,6.966666666666666
AS14.05,2014-05-01,6.8,t=183-185,0.04624339588179687,3173.266833333333,358.2683333333334,0,0.0,0.0,1050.2418333333333,0,0,277.62683333333337,96.0265,4142.753499507903,0.16666666666666666,-0.2666666666666666,0.9333333333333332,6.933333333333334
AS14.05,2014-05-02,7.0,t=184-186,0.04004315968503516,3519.994166666667,177.0331666666667,0,0.0,0.0,753.7593333333334,0,0,211.64700000000002,187.11483333333334,4417.929499109586,0.0,-0.2333333333333333,0.9666666666666667,6.866666666666667
AS14.05,2014-05-03,6.75,t=185-187,0.02210746482016882,5622.6990000000005,242.62,0,0.0,0.0,669.1305000000001,0,0,375.66,1722.9934999999996,8613.72683250904,3.5,-0.26666666666666666,1.0,6.933333333333334
AS14.05,2014-05-04,7.0,t=186-188,0.033723218360411845,4418.835999999999,227.57983333333334,0,0.0,0.0,739.0953333333333,0,0,349.77299999999997,1374.5111666666664,6905.136665821076,5.333333333333333,0.024999999999999984,1.0,6.841666666666666
AS14.05,2014-05-05,6.333333333333333,t=187-189,0.05558332467750863,3712.520666666667,254.82066666666665,0,0.0,0.0,424.0711666666666,0,0,293.138,802.1873333333333,5404.756499131522,4.166666666666667,0.17500000000000002,1.0,6.916666666666667
AS14.06,2014-03-27,7.0,t=188-190,0.12092283899273111,3110.9680000000003,2154.3643333333334,0,0.0,110.15866666666666,1912.1200000000001,1,0,104.15483333333333,152.4675,6940.898000717162,1.5,0.01666666666666668,0.9500000000000001,7.5
AS14.06,2014-03-28,7.6,t=189-191,0.13430328487386345,3756.236166666667,2376.943333333333,0,0.0,58.053666666666665,1734.442,1,0,66.54299999999999,352.1665,8002.717167417206,1.1666666666666667,0.25833333333333336,0.725,7.333333333333333
AS14.06,2014-03-29,7.8,t=190-192,0.15243870766131135,3681.7921666666666,2140.9105,0,0.0,27.080166666666667,2593.0063333333333,1,0,212.47516666666664,231.13949999999997,7502.126501321793,1.1666666666666667,0.06666666666666665,0.7333333333333334,7.466666666666666
AS14.06,2014-03-30,7.8,t=191-193,0.1350021401099725,2811.111833333333,1467.486,0,0.0,14.087666666666665,1948.0521666666666,1,0,182.62016666666668,117.59183333333333,5624.304333964985,0.5,-0.025000000000000005,0.8083333333333332,7.599999999999999
AS14.06,2014-03-31,7.0,t=192-194,0.17142101938814744,1500.1158333333333,1623.7955000000002,0,1193.1660000000002,7.043833333333333,2024.7385000000002,1,1,117.32383333333333,955.1875,6924.01049975554,2.6666666666666665,-0.03333333333333333,0.8666666666666667,7.766666666666666
AS14.06,2014-04-01,7.75,t=193-195,0.16933215966258996,1527.4099999999999,2025.2214999999999,0,795.4440000000001,13.761000000000001,2250.232666666667,0,1,56.36116666666667,1638.8873333333333,7381.256499886512,2.1666666666666665,-0.10000000000000002,0.6333333333333334,7.3999999999999995
AS14.06,2014-04-02,6.8,t=194-196,0.20167827274406255,2796.0331666666666,1536.2055,0,831.1795000000001,9.174,2357.3735,0,1,52.21433333333332,1660.5843333333335,8175.829166491824,2.6666666666666665,-0.06666666666666667,0.6416666666666667,7.508333333333333
AS14.06,2014-04-03,7.2,t=195-197,0.1833283777869121,3906.273833333333,1370.4904999999999,0,288.97166666666664,88.087,2614.209,1,0,56.48499999999999,1085.5213333333334,8632.762333750727,3.1666666666666665,-0.3333333333333333,0.5166666666666667,7.1499999999999995
AS14.06,2014-04-04,7.0,t=196-198,0.1966133932846953,4098.958333333333,1260.4168333333334,0,148.99983333333333,55.666666666666664,2257.0745,1,0,56.410833333333336,679.0856666666667,8021.79650036494,2.8333333333333335,-0.19999999999999998,0.4583333333333333,7.158333333333334
AS14.06,2014-04-05,7.0,t=197-199,0.1717119576287379,3827.948166666667,1358.6241666666667,0,821.3753333333333,27.833333333333332,2581.0071666666668,1,0,48.90566666666666,699.2953333333334,8580.404500285784,1.3333333333333333,-0.30000000000000004,0.30000000000000004,7.033333333333334
AS14.06,2014-04-06,7.0,t=198-200,0.23090720376171223,2540.328666666667,954.7235000000001,0,547.082,0.0,2618.9546666666665,1,0,63.83083333333334,640.3116666666666,6352.509500106178,1.3333333333333333,-0.3333333333333333,0.5333333333333333,7.033333333333334
AS14.06,2014-04-07,6.2,t=199-201,0.13255813117573736,1505.1736666666666,680.843,0,272.78866666666664,0.0,2894.2263333333335,1,0,72.51016666666668,702.7896666666666,5573.7456663847,1.1666666666666667,-0.7000000000000001,0.5,7.0
AS14.06,2014-04-08,6.6,t=200-202,0.15299449667390397,2246.8326666666667,561.6750000000001,0,0.0,0.0,2591.173333333333,1,0,60.89933333333334,544.5593333333335,5553.924666206047,2.1666666666666665,-0.6999999999999998,0.26666666666666666,6.6000000000000005
AS14.06,2014-04-09,7.4,t=201-203,0.15586097049270178,3269.165166666667,1076.8693333333333,0,318.479,86.40849999999999,2021.8616666666667,1,0,57.9005,1514.2645,6992.620165824893,3.6666666666666665,-0.46666666666666673,0.06666666666666667,6.533333333333332
AS14.06,2014-04-10,7.6,t=202-204,0.14235537578187504,3987.392166666667,1955.5211666666667,0,212.31933333333333,294.51416666666665,2704.6281666666664,1,1,58.04749999999999,1697.589,8572.77583285173,2.6666666666666665,0.03333333333333336,0.4000000000000001,6.933333333333334
AS14.06,2014-04-11,7.8,t=203-205,0.1756655409391621,3803.584833333334,1614.265666666667,0,110.72166666666665,186.74183333333335,3032.4300000000003,1,1,59.26966666666667,1335.8695,8352.689499735834,3.6666666666666665,0.0,0.6666666666666666,7.366666666666666
AS14.06,2014-04-12,8.2,t=204-206,0.19490243237650073,3332.815666666667,3931.0080000000003,0,3.0413333333333337,124.03750000000001,3264.196,1,1,60.14116666666666,547.9673333333334,7540.694499731067,1.8333333333333333,-0.10000000000000002,0.9,7.666666666666667
AS14.06,2014-04-13,6.5,t=205-207,0.22297572649559042,1902.867,3056.5589999999997,0,187.35616666666667,30.045333333333332,2170.146,1,1,75.58783333333334,274.35166666666663,5633.954500198364,0.8333333333333334,0.10000000000000002,0.9666666666666667,7.966666666666666
AS14.06,2014-04-14,7.25,t=206-208,0.2846609619355998,2742.860166666667,1936.6094999999998,0,123.89033333333333,15.022666666666666,1994.6831666666667,1,1,68.38533333333334,708.7461666666667,6368.088500261308,1.0,-0.65,0.625,7.283333333333334
AS14.06,2014-04-15,7.0,t=207-209,0.24327068517871112,2465.643,783.2275,0,61.945166666666665,14.717,1258.4358333333332,1,1,52.972833333333334,1009.4699999999999,5486.067333141963,1.6666666666666667,-0.5583333333333333,0.625,7.158333333333334
AS14.06,2014-04-16,7.6,t=208-210,0.21731970498984676,3277.996333333333,843.7878333333333,0,0.0,45.63433333333333,1992.8455000000001,1,1,51.61166666666666,1320.6895000000002,6134.573833028476,4.0,-0.5333333333333333,0.5916666666666667,7.0
AS14.06,2014-04-17,6.8,t=209-211,0.16917756776603618,4909.533666666667,1669.1035000000002,0,0.0,38.03766666666667,2856.4948333333327,1,1,59.0135,1639.826,10955.412665843964,2.8333333333333335,-0.17500000000000002,0.525,7.341666666666666
AS14.06,2014-04-18,6.25,t=210-212,0.15761764234916284,5076.747666666667,2604.6363333333334,0,0.0,167.10366666666667,3051.592166666667,1,1,753.8113333333332,1197.762,12599.564833362901,1.8333333333333333,0.03333333333333335,0.5333333333333333,7.099999999999999
AS14.06,2014-04-19,6.8,t=211-213,0.1478421493388428,4326.778666666666,2472.7573333333335,0,38.4735,107.45,1979.2278333333331,1,0,521.272,883.9401666666666,10291.952834049864,2.0,-0.43333333333333335,0.5166666666666667,6.658333333333334
AS14.06,2014-04-20,8.2,t=212-214,0.12314888499553373,3445.6469999999995,1792.8143333333335,0,25.649,53.02266666666667,859.224,1,0,290.917,640.3223333333334,7023.691667636238,3.1666666666666665,-0.19999999999999998,0.5666666666666667,6.616666666666667
AS14.06,2014-04-21,7.0,t=213-215,0.07195265906078165,2278.3005,1342.4195,0,12.8245,1.6786666666666665,1698.3116666666665,1,0,56.634833333333326,370.6268333333333,5669.582500696182,1.8333333333333333,0.19999999999999996,0.6833333333333335,7.408333333333334
AS14.06,2014-04-22,6.6,t=214-216,0.06538285683415716,2448.717,1828.5411666666669,0,0.0,0.0,2161.3413333333333,1,0,58.291999999999994,152.568,6277.43883351485,1.1666666666666667,0.3333333333333333,0.6666666666666666,7.366666666666667
AS14.06,2014-04-23,7.0,t=215-217,0.10327161829217389,5015.743333333333,3059.8264999999997,0,0.0,21.983,1986.4613333333334,1,0,65.287,849.4926666666667,10837.467665990192,3.8333333333333335,-0.03333333333333336,0.6333333333333333,7.0
AS14.06,2014-04-24,7.75,t=216-218,0.12806950615318,5783.202166666667,2911.6875,0,0.0,66.09283333333333,2142.3443333333335,1,1,103.46116666666667,730.5268333333333,11095.044332623482,4.5,-0.10000000000000002,0.7000000000000001,6.866666666666667
AS14.06,2014-04-25,6.4,t=217-219,0.1865140079689682,5103.926666666666,1979.2005000000001,0,0.0,43.62733333333333,1572.5275000000001,1,1,119.89616666666666,925.7956666666665,9358.463499267897,6.5,-0.19166666666666665,0.7416666666666667,7.308333333333334
AS14.06,2014-04-26,7.5,t=218-220,0.2333580634473579,3800.0809999999997,1629.543,0,0.0,48.324000000000005,2346.000666666667,1,1,88.42366666666665,819.5675,8111.017832954728,4.833333333333333,-0.5833333333333334,0.5833333333333334,6.95
AS14.06,2014-04-27,7.2,t=219-221,0.23091702989013344,3079.6211666666663,1318.5,0,0.0,88.73933333333332,1583.7758333333331,1,1,69.6955,794.9171666666667,7118.380667090419,7.833333333333333,-0.375,0.7583333333333333,7.175
AS14.06,2014-04-28,6.75,t=220-222,0.14289032713779956,1700.8905000000002,838.1168333333331,0,0.0,55.397833333333324,1125.5739999999998,1,0,56.33733333333333,366.37466666666666,4347.851000626883,4.166666666666667,-0.4666666666666666,0.9,7.166666666666667
AS14.06,2014-04-29,7.25,t=221-223,0.14050036760284926,2715.1696666666667,857.2786666666666,0,0.0,38.467166666666664,1141.7826666666667,1,0,43.124500000000005,140.92816666666667,4907.3928341070805,1.8333333333333333,-0.325,0.75,7.0249999999999995
AS14.06,2014-04-30,6.8,t=222-224,0.15499267612663759,3586.018833333333,1471.2876666666664,0,0.0,10.516333333333334,2864.715,1,0,38.64883333333333,728.6938333333334,6731.864500761029,1.0,-0.18333333333333335,0.8333333333333334,7.075
AS14.06,2014-05-01,8.0,t=223-225,0.14156191652308792,3986.899833333333,2081.612333333333,0,0.0,51.345333333333336,2546.1826666666666,1,0,39.561,877.409,8252.936666687327,1.1666666666666667,-0.3416666666666666,0.7166666666666667,6.941666666666666
AS14.06,2014-05-02,7.2,t=224-226,0.22885770077781567,2533.7826666666665,1986.5411666666666,0,0.0,36.247166666666665,1878.9830000000002,1,0,42.483333333333334,645.5576666666667,5939.499333262443,1.6666666666666667,-0.19999999999999998,0.8666666666666667,7.4750000000000005
AS14.06,2014-05-03,6.25,t=225-227,0.21968815452262047,2286.4018333333333,1153.3351666666665,0,0.0,19.0395,2015.2218333333333,1,1,40.16316666666666,686.3316666666666,5951.963832338651,2.8333333333333335,-0.47500000000000003,0.9333333333333332,7.400000000000001
AS14.06,2014-05-04,7.6,t=226-228,0.226338382557137,1539.114166666667,526.0156666666667,0,0.0,63.69466666666667,1345.4054999999998,1,1,57.595333333333336,355.76800000000003,3549.5069993336997,1.6666666666666667,-0.625,0.5,6.858333333333333
AS14.06,2014-05-05,7.0,t=227-229,0.18784212568952896,1543.563666666667,279.1141666666667,0,0.0,41.237,1328.7573333333332,1,1,146.23433333333335,337.01266666666663,3563.8189993699402,0.6666666666666666,-0.775,0.5416666666666666,7.083333333333333
AS14.06,2014-05-06,7.0,t=228-230,0.13342515666904142,1919.0413333333333,501.42949999999996,0,0.0,20.6185,1560.6825000000001,1,0,104.847,134.7885,4193.832499742508,0.0,-0.725,0.5833333333333334,7.075
AS14.06,2014-05-07,6.75,t=229-231,0.11877175848806361,3489.9053333333336,877.3148333333334,0,0.0,54.391499999999986,2468.9998333333333,1,0,48.720333333333336,194.5348333333333,6483.795166015625,0.5,-0.6888888888888888,0.6805555555555555,7.1000000000000005
AS14.06,2014-05-08,7.0,t=230-232,0.1147505581464337,4096.037333333333,1562.7748333333332,0,0.0,129.908,2456.624333333333,1,1,317.3545,775.8521666666667,8240.594333449999,2.8333333333333335,-0.5833333333333334,0.4583333333333333,6.875
AS14.07,2014-03-22,6.0,t=231-233,0.0,5348.3075,1061.9206666666666,0,0.0,0.0,1448.7126666666666,1,0,131.95433333333332,1263.2158333333332,14475.835333704947,0.6666666666666666,-0.25,0.65,6.383333333333333
AS14.07,2014-03-23,7.75,t=232-234,0.0,5671.891,1378.4835,0,0.0,0.0,1443.6425,1,0,280.7401666666667,821.2455,13283.10283370813,0.16666666666666666,-0.21388888888888893,0.2916666666666667,6.208333333333333
AS14.07,2014-03-24,8.0,t=233-235,0.0,6645.060166666667,1066.3841666666667,0,0.0,0.0,1121.7278333333334,1,0,229.0975,670.4934999999999,11766.281498670578,0.0,-0.07777777777777779,0.9166666666666666,7.041666666666667
AS14.07,2014-03-25,7.666666666666667,t=234-236,0.0,5166.655833333333,777.3421666666667,0,0.0,0.0,736.6730000000001,1,0,210.79283333333333,1040.8051666666668,7996.093665003777,6.5,0.18333333333333335,1.0,7.583333333333333
AS14.07,2014-03-26,6.6,t=235-237,0.06717245090126447,6046.2945,1022.8448333333334,0,0.0,0.0,1053.413,1,0,403.5133333333333,1161.1854999999998,9797.715331355726,6.333333333333333,-0.08333333333333333,1.25,7.791666666666667
AS14.07,2014-03-27,6.8,t=236-238,0.09642849957698514,5258.683666666667,1220.2246666666667,0,0.0,0.0,922.8969999999999,1,0,297.8953333333333,1808.6241666666665,9686.451165795324,9.5,0.01666666666666668,0.9111111111111111,7.188888888888889
AS14.07,2014-03-28,8.25,t=237-239,0.10167218468658974,5160.841833333333,804.4593333333332,0,0.0,0.0,1598.72,1,0,172.02616666666665,1954.3113333333333,10003.648165901503,9.666666666666666,0.08333333333333336,0.6222222222222222,6.877777777777777
AS14.07,2014-03-29,7.0,t=238-240,0.09616562576383501,4755.709,1380.9821666666667,0,0.0,0.0,1821.4926666666663,1,0,305.833,2380.1065,11259.872167150179,5.833333333333333,0.225,0.9833333333333334,7.491666666666667
AS14.07,2014-03-30,6.2,t=239-241,0.06858791559145057,3368.3096666666665,3444.567333333334,0,0.0,0.0,1754.738,1,0,378.2683333333334,2085.507833333333,11233.506500283876,4.5,0.21666666666666667,1.0666666666666667,7.383333333333333
AS14.07,2014-03-31,4.333333333333333,t=240-242,0.061595321726461795,3510.224333333333,2450.6776666666665,0,0.0,0.0,1443.5091666666667,1,0,251.1688333333333,1897.0071666666665,10058.811500231424,3.3333333333333335,0.20833333333333334,0.5833333333333334,6.808333333333334
AS14.07,2014-04-01,6.6,t=241-243,0.0535201673772942,4191.516166666667,2992.9166666666665,0,0.0,0.0,1824.2973333333332,1,0,110.84983333333332,1704.5493333333334,11269.441333373388,4.833333333333333,-0.39999999999999997,0.16666666666666666,5.3999999999999995
AS14.07,2014-04-02,5.5,t=242-244,0.06793206463252645,6052.700333333334,3744.107,0,0.0,0.0,1513.6918333333333,1,0,55.584,1477.3329999999999,13202.29733304183,8.0,-0.7999999999999999,0.4000000000000001,5.777777777777778
AS14.07,2014-04-03,6.2,t=243-245,0.11357549207275885,5408.701,3079.697166666667,0,0.0,0.0,1213.7903333333334,1,0,78.99,2657.3714999999997,13762.790165702501,13.166666666666666,-1.125,0.39166666666666666,5.672222222222222
AS14.07,2014-04-04,6.5,t=244-246,0.11065459914080598,4760.0053333333335,3306.2353333333335,0,0.0,0.0,846.7046666666665,1,0,66.91433333333333,2043.5113333333331,10929.796666145325,10.0,-0.7833333333333333,0.3166666666666667,6.033333333333334
AS14.07,2014-04-05,6.0,t=245-247,0.08093425597333449,4591.883333333333,2417.3546666666666,0,0.0,0.0,1049.9765,1,0,223.7005,1609.9411666666665,9924.467000643408,9.0,-0.7166666666666667,0.10833333333333334,6.233333333333333
AS14.07,2014-04-06,6.75,t=246-248,0.14724066223490617,3045.8351666666663,1388.9255,0,0.0,0.0,1175.074,1,0,194.59633333333332,1571.4058333333332,7375.345333735147,10.833333333333334,-0.31666666666666665,0.3666666666666667,6.2
AS14.07,2014-04-07,5.4,t=247-249,0.11353180490273174,2675.539666666666,1604.6243333333332,0,0.0,0.0,1429.9826666666668,1,0,158.54183333333333,1305.104,7291.328833937645,8.666666666666666,-0.5,0.7222222222222222,6.458333333333333
AS14.07,2014-04-08,6.8,t=248-250,0.0975850990659513,3931.8088333333326,3706.2028333333333,0,0.0,0.0,2739.4493333333335,1,0,173.3075,1603.8381666666667,11876.423666636154,4.5,-0.5499999999999999,0.5444444444444444,5.95
AS14.07,2014-04-09,6.4,t=249-251,0.07462785840457463,5918.4965,2696.540833333333,0,0.0,0.0,1866.8421666666666,0,0,392.7005,1231.2068333333334,11758.080333034197,1.6666666666666667,-0.525,0.5333333333333333,6.325
AS14.07,2014-04-10,6.2,t=250-252,0.07441613406046282,4488.709666666667,1808.4041666666665,0,0.0,0.0,1163.9248333333333,0,0,294.5263333333333,1031.0016666666668,12917.236499389013,2.5,-0.7333333333333334,0.5333333333333333,6.366666666666667
AS14.07,2014-04-11,3.5,t=251-253,0.08587607020514705,2580.776166666667,1462.7416666666668,0,0.0,0.0,1146.6996666666666,1,0,158.04283333333333,817.1703333333334,9004.398500084879,6.5,-0.19999999999999996,0.3,6.366666666666667
AS14.07,2014-04-12,6.4,t=252-254,0.07912592271207998,1508.9245,820.2178333333333,0,0.0,0.0,714.9458333333333,1,0,53.083000000000006,607.145,5276.945167342824,4.5,0.21666666666666667,-0.39999999999999997,4.883333333333334
AS14.07,2014-04-13,6.5,t=253-255,0.11595425302811667,3361.695333333333,3042.7915000000007,0,0.0,0.0,1099.4125000000001,1,0,144.941,1058.8003333333334,9080.170167326929,8.0,0.2333333333333333,0.041666666666666664,5.400000000000001
AS14.07,2014-04-14,6.2,t=254-256,0.07065147110267432,3468.628666666666,2598.2766666666666,0,0.0,0.0,1237.945,1,0,110.93633333333334,959.63,9371.701834638918,6.666666666666667,-0.041666666666666664,0.5833333333333334,5.966666666666666
AS14.07,2014-04-15,6.0,t=255-257,0.0476389941881252,2922.102333333333,2903.1384999999996,0,0.0,0.0,885.4231666666668,1,0,101.42183333333332,937.4936666666666,7588.741667509085,5.166666666666667,-0.18333333333333335,0.6583333333333333,6.333333333333333
AS14.07,2014-04-16,4.75,t=256-258,0.023649495699543225,3937.384,1860.3908333333331,0,0.0,0.0,1070.0363333333332,0,0,73.79366666666667,638.629,7326.305333654088,1.8333333333333333,-0.48333333333333334,0.5499999999999999,6.1499999999999995
AS14.07,2014-04-17,3.8,t=257-259,0.06507808247697781,5092.808,903.7254999999999,0,0.0,0.0,1048.532,1,0,252.85333333333335,1272.8594999999998,8214.378833413124,5.5,-0.9083333333333333,0.2333333333333333,5.408333333333334
AS14.07,2014-04-18,5.2,t=258-260,0.09763466289942883,4810.788,1028.9219999999998,0,0.0,0.0,1064.2071666666668,1,0,191.98299999999998,1348.3263333333332,8360.264333208399,3.8333333333333335,-1.1416666666666666,-0.1166666666666667,4.483333333333333
AS14.07,2014-04-19,7.0,t=259-261,0.08065801629478742,4052.1526666666664,1053.1768333333332,0,0.0,0.0,812.4990000000001,1,0,167.65616666666668,1192.6764999999998,7386.970000108082,3.5,-1.1083333333333334,-0.3333333333333333,4.658333333333334
AS14.07,2014-04-20,3.0,t=260-262,0.03700125133835682,2380.0915,679.9561666666666,0,0.0,0.0,567.6906666666667,0,0,107.5335,618.7325,4515.914333701134,1.1666666666666667,-0.4083333333333334,0.17499999999999996,5.866666666666667
AS14.07,2014-04-21,6.6,t=261-263,0.05232295380765086,1995.0208333333333,221.43299999999996,0,0.0,0.0,660.718,0,0,102.58766666666668,273.92583333333334,5134.600000739097,0.5,-1.0833333333333333,-0.31666666666666665,4.7
AS14.07,2014-04-22,6.0,t=262-264,0.0603488311146906,3631.7599999999998,1267.4025,0,0.0,0.0,1663.2998333333333,1,0,134.64516666666668,601.0556666666668,7188.837333043418,0.0,-0.8250000000000001,0.19166666666666674,5.466666666666666
AS14.07,2014-04-23,6.0,t=263-265,0.08055783969528092,3550.0335,1654.1328333333333,0,0.0,0.0,1078.1215,1,0,134.163,897.5666666666667,7046.1001661618575,1.0,-0.5666666666666667,0.30000000000000004,5.7
AS14.07,2014-04-24,5.6,t=264-266,0.0783144069773357,5721.702666666667,1210.3441666666668,0,0.0,0.0,1177.7191666666668,1,0,351.3926666666667,1256.1055,9330.680333058042,3.1666666666666665,-0.4666666666666666,0.26666666666666666,6.1000000000000005
AS14.07,2014-04-25,3.3333333333333335,t=265-267,0.11928259806092067,4829.519333333334,439.71733333333333,0,0.0,0.0,593.5268333333333,1,0,291.5523333333333,884.6473333333333,6465.822499871255,4.0,-0.5555555555555555,0.26666666666666666,5.8
AS14.07,2014-04-26,5.4,t=266-268,0.10324512645702481,3515.6268333333333,774.4966666666668,0,0.0,0.0,738.6358333333334,1,0,162.72116666666668,807.2118333333333,5743.518000086148,5.166666666666667,-0.14444444444444446,-0.19999999999999998,4.533333333333333
AS14.07,2014-04-27,6.0,t=267-269,0.06113611027564167,3683.7568333333334,624.5766666666667,0,0.0,0.0,794.6151666666666,0,0,351.49983333333336,791.0574999999999,6160.36133428415,2.6666666666666665,-0.1888888888888889,-0.25555555555555554,4.7444444444444445
AS14.07,2014-04-28,6.75,t=268-270,0.025682733879723446,4400.5380000000005,560.3563333333334,0,0.0,0.0,1374.3048333333334,0,0,330.9545,727.3591666666666,8115.532834808032,2.0,-0.37777777777777777,0.022222222222222254,5.355555555555555
AS14.07,2014-04-29,5.0,t=269-271,0.054866709553815146,6089.623,798.9378333333334,0,0.0,0.0,1587.6776666666665,1,0,492.80716666666666,2053.911666666667,11559.79316922029,6.666666666666667,-0.1416666666666667,0.47500000000000003,6.2749999999999995
AS14.07,2014-04-30,5.0,t=270-272,0.1010503062630113,6337.4800000000005,937.7485,0,7.0325,0.0,1288.3348333333333,1,0,359.31716666666665,2636.9208333333336,9664.910334904987,9.333333333333334,-1.0166666666666666,0.31666666666666665,5.75
AS14.07,2014-05-01,5.0,t=271-273,0.07270165377693584,8434.5305,1228.161,0,4.6883333333333335,0.0,773.4953333333333,1,0,698.1030000000001,-38681.78583333333,8208.125001152359,5.333333333333333,-1.625,0.375,5.291666666666667
AS14.07,2014-05-02,6.2,t=272-274,0.08228127763570044,6524.3161666666665,850.5068333333332,0,2.3441666666666667,0.0,693.484,0,0,449.21216666666663,-26085.805333333334,6227.997000773749,1.6666666666666667,-1.8333333333333333,0.0,5.0
AS14.07,2014-05-03,5.666666666666667,t=273-275,0.0681051498488045,6137.907500000001,466.9843333333333,0,0.0,0.0,756.2728333333333,0,0,486.10983333333337,-12254.316999999997,5993.872499982518,0.0,-1.1888888888888889,0.2722222222222222,5.6000000000000005
AS14.07,2014-05-04,8.0,t=274-276,0.074812857428717,2863.7360000000003,279.4303333333333,0,0.0,0.0,848.2545,0,0,220.183,878.8711666666667,3792.8003330230727,0.5,-0.8111111111111112,0.14444444444444446,5.733333333333333
AS14.07,2014-05-05,5.5,t=275-277,0.07622808851502035,2193.829,205.6678333333333,0,0.0,0.0,554.4963333333334,0,0,106.8565,688.7501666666667,2693.6546666622166,0.3333333333333333,-0.8222222222222223,0.6,6.922222222222222
AS14.08,2014-03-08,7.0,t=276-278,0.0,0.0,0.0,0,0.0,0.0,0.0,0,0,0.0,0.0,0.0,5.833333333333333,0.09999999999999998,0.8555555555555555,7.155555555555556
AS14.08,2014-03-09,7.2,t=277-279,0.0,0.0,0.0,0,0.0,0.0,0.0,0,0,0.0,0.0,0.0,3.1666666666666665,0.09999999999999999,1.0,7.166666666666667
AS14.08,2014-03-10,6.8,t=278-280,0.0,0.0,0.0,0,0.0,0.0,0.0,0,0,0.0,0.0,0.0,0.5,-0.39999999999999997,1.1333333333333333,7.166666666666667
AS14.08,2014-03-11,6.6,t=279-281,0.0,0.0,0.0,0,0.0,0.0,0.0,0,0,0.0,0.0,0.0,2.0,-0.8333333333333334,0.8666666666666666,6.966666666666666
AS14.08,2014-03-12,7.0,t=280-282,0.0,0.0,0.0,0,0.0,0.0,0.0,0,0,0.0,0.0,0.0,2.8333333333333335,-0.3,0.6,6.766666666666666
AS14.08,2014-03-13,6.6,t=281-283,0.0,0.0,0.0,0,0.0,0.0,0.0,0,0,0.0,0.0,0.0,1.6666666666666667,0.26666666666666666,0.7333333333333334,6.833333333333333
AS14.08,2014-03-14,7.4,t=282-284,0.0,143.594,0.0,0,0.0,0.0,100.47550000000001,0,0,104.4275,91.137,412.99900019168825,6.0,0.26666666666666666,0.6999999999999998,6.733333333333333
AS14.08,2014-03-15,6.4,t=283-285,0.0,287.11383333333333,0.0,0,0.0,0.0,497.7371666666667,1,0,180.8708333333333,367.1789999999999,1964.0236671368277,9.166666666666666,-1.850371707708594e-17,0.9666666666666667,7.066666666666667
AS14.08,2014-03-16,7.0,t=284-286,0.0,366.5563333333334,38.795,0,0.0,8.543,611.5048333333333,1,0,144.84,268.8876666666667,1863.8663337628052,7.0,-0.36666666666666664,0.7999999999999999,6.766666666666667
AS14.08,2014-03-17,5.4,t=285-287,0.0,1067.9271666666666,25.863333333333333,0,0.0,5.695333333333333,572.183,1,0,89.13,205.1335,2183.2191668351497,2.8333333333333335,-0.8583333333333334,1.0250000000000001,6.866666666666667
AS14.08,2014-03-18,6.4,t=286-288,0.002777777777777775,3529.696,12.931666666666667,0,0.0,2.8476666666666666,3740.383333333333,0,0,64.91,93.151,1722.8475000858307,0.5,-0.5166666666666667,0.6166666666666667,6.1000000000000005
AS14.08,2014-03-19,7.0,t=287-289,0.016097532742820785,2571.6969999999997,71.39500000000001,0,0.0,0.0,2604.5973333333336,0,0,55.746,48.546166666666664,1538.6651664972303,0.0,-0.30833333333333335,0.575,6.166666666666667
AS14.08,2014-03-20,6.4,t=288-290,0.04193162813039932,1705.323,60.83216666666667,0,0.0,0.0,1624.4198333333334,0,0,59.2925,45.420500000000004,1589.5681660970047,0.5,-0.16666666666666666,0.7333333333333334,6.533333333333334
AS14.08,2014-03-21,6.6,t=289-291,0.05451622020859851,596.4393333333333,32.62200000000001,0,0.0,0.0,620.3148333333334,0,0,53.31516666666666,2455.1048333333333,1377.1233326991396,0.8333333333333334,-0.20000000000000004,0.8333333333333334,6.6000000000000005
AS14.08,2014-03-22,6.4,t=290-292,0.034148637611121795,1500.4750000000001,4.411833333333333,0,0.0,0.0,874.9063333333334,0,0,52.82083333333333,1764.3891666666666,2099.055832862854,2.5,-0.30000000000000004,0.7333333333333334,6.599999999999999
AS14.08,2014-03-23,7.2,t=291-293,0.02368380762704102,3036.8909999999996,0.0,0,0.0,0.0,699.6605,1,0,46.973833333333324,911.8561666666666,1568.6969999869664,1.5,-0.3666666666666667,0.7333333333333334,6.466666666666668
AS14.08,2014-03-24,6.8,t=292-294,0.029993281239047223,2042.069166666667,0.0,0,0.0,0.0,1138.2503333333334,1,0,2055.6515000000004,137.23233333333334,1452.4760002295177,1.6666666666666667,-0.30000000000000004,0.7666666666666667,6.833333333333333
AS14.08,2014-03-25,7.2,t=293-295,0.04092080725282592,942.6368333333334,0.0,0,0.0,0.0,1463.2105000000001,1,0,1388.2503333333334,73.40033333333334,1586.622500061989,0.6666666666666666,-0.5333333333333333,0.9,6.866666666666667
AS14.08,2014-03-26,6.5,t=294-296,0.030915606073529694,861.7158333333332,44.56,0,0.0,0.0,1056.2253333333335,1,0,718.332,73.407,1248.2359999815626,0.8333333333333334,-0.6,0.9666666666666667,7.066666666666667
AS14.08,2014-03-27,6.333333333333333,t=295-297,0.05810123596726947,969.8333333333334,85.90616666666666,0,0.0,80.7495,637.3159999999999,0,0,47.30483333333333,199.72050000000002,1479.3186670939133,2.8333333333333335,-0.4583333333333333,0.75,6.783333333333334
AS14.08,2014-03-28,6.25,t=296-298,0.07615582536028405,1531.7236666666668,52.31966666666667,0,0.0,53.833,1283.9524999999999,0,0,230.97916666666666,202.3431666666667,1968.8385004599895,4.833333333333333,-0.18333333333333335,0.5833333333333334,6.533333333333334
AS14.08,2014-03-29,7.166666666666667,t=297-299,0.05220061366304223,1287.7258333333332,18.733166666666666,0,0.0,26.9165,1137.1501666666666,0,0,255.99766666666665,524.9281666666667,2099.1648337046313,9.333333333333334,-0.16666666666666666,0.5,6.319444444444444
AS14.08,2014-03-30,6.8,t=298-300,0.03249389788919561,917.3006666666666,32.4445,0,0.0,0.0,815.7194999999998,0,0,173.06166666666664,326.906,1655.3475004831946,6.333333333333333,-0.16666666666666666,0.75,6.722222222222221
AS14.08,2014-03-31,7.6,t=299-301,0.05029820631346719,448.0561666666667,21.629666666666665,0,0.0,0.0,519.5113333333334,0,0,78.533,159.62933333333334,1109.9991664091742,2.8333333333333335,-0.09722222222222221,0.7166666666666667,6.830555555555556
AS14.08,2014-04-01,7.2,t=300-302,0.06977370541118828,777.4945000000001,20.906833333333335,0,0.0,0.0,471.8128333333334,0,0,49.89283333333333,19.649333333333335,1293.872999588648,0.3333333333333333,-0.027777777777777776,0.9666666666666667,7.26111111111111
AS14.08,2014-04-02,6.6,t=301-303,0.0705629909307736,1258.3885,52.780499999999996,0,0.0,0.0,724.0583333333334,0,0,53.9635,22.953666666666663,1724.0386666854226,0.0,-0.5,1.0,7.266666666666667
AS14.08,2014-04-03,7.0,t=302-304,0.03808516717774955,1651.1714999999997,43.64266666666666,0,0.0,0.0,505.1023333333333,0,0,54.24100000000001,40.255500000000005,1318.3015004793804,0.0,-0.5333333333333333,0.9333333333333335,6.966666666666666
AS14.08,2014-04-04,7.5,t=303-305,0.05253943436932901,2056.3345000000004,21.735500000000002,0,0.0,0.0,611.2095,0,0,80.7885,66.72700000000002,1996.8154997428264,0.0,-0.3,1.0999999999999999,6.8999999999999995
AS14.08,2014-04-05,7.4,t=304-306,0.043199539399300026,1521.6800000000003,3.1923333333333335,0,0.0,0.0,1109.3771666666667,0,0,61.57916666666667,126.69733333333333,1694.7616668144867,1.0,0.05833333333333333,1.2027777777777777,7.183333333333334
AS14.08,2014-04-06,7.6,t=305-307,0.08770970917571141,1157.8813333333335,38.454,0,0.0,0.0,991.0548333333332,0,0,52.68233333333333,86.4765,1762.496333400409,0.6666666666666666,0.18333333333333335,1.2388888888888887,7.366666666666667
AS14.08,2014-04-07,7.0,t=306-308,0.0516321602136617,627.1633333333333,31.152,0,0.0,0.0,751.4913333333334,0,0,38.49783333333334,78.206,1437.4046669801082,0.3333333333333333,0.10833333333333334,1.2333333333333334,7.516666666666666
AS14.08,2014-04-08,6.5,t=307-309,0.07506566889620031,1458.9231666666667,200.69333333333336,0,0.0,0.0,907.4354999999999,0,0,57.49633333333335,213.75383333333335,2942.270999352137,3.5,0.03333333333333333,1.1166666666666667,7.266666666666667
AS14.08,2014-04-09,6.25,t=308-310,0.06444522992716883,1634.5533333333333,171.22083333333333,0,0.0,0.0,1044.4298333333334,0,0,59.562333333333335,184.7245,2978.9295000235234,2.3333333333333335,-0.125,0.7916666666666666,6.8500000000000005
AS14.08,2014-04-10,7.6,t=309-311,0.05664475269123457,1805.707,92.455,0,0.0,0.0,1563.104833333333,0,0,1838.5165,153.27733333333333,2797.3713335593534,1.1666666666666667,0.041666666666666664,0.5833333333333334,6.458333333333333
AS14.08,2014-04-11,7.6,t=310-312,0.12643343539784363,2432.9645,130.89083333333335,0,0.0,0.0,1282.0451666666668,0,0,1255.2948333333331,125.01466666666668,3409.258666872978,0.0,0.6416666666666666,0.9499999999999998,6.966666666666666
AS14.08,2014-04-12,7.0,t=311-313,0.11265323982277937,1575.312,92.98216666666667,0,0.0,0.0,1119.3783333333333,0,0,653.8618333333333,93.22000000000001,2645.278833707174,0.5,0.7416666666666666,1.05,7.375
AS14.08,2014-04-13,7.6,t=312-314,0.07165444642199431,1634.0516666666665,49.169999999999995,0,0.0,0.0,736.0506666666666,0,0,84.15583333333335,41.2995,1637.633500258128,0.3333333333333333,0.39999999999999997,0.9666666666666668,7.3
AS14.08,2014-04-14,6.6,t=313-315,0.023111952474505967,1042.1118333333332,116.13933333333335,0,0.0,0.0,1775.3178333333333,0,0,103.97816666666667,15.754,1558.8228336175287,0.16666666666666666,0.09999999999999999,1.0333333333333332,7.3999999999999995
AS14.08,2014-04-15,6.4,t=314-316,0.038231815067653614,1504.0588333333333,114.49083333333334,0,0.0,22.620500000000003,1605.4895,0,0,118.94983333333334,64.60116666666667,2533.869333902996,0.0,0.10000000000000002,0.8333333333333334,7.0
AS14.08,2014-04-16,6.6,t=315-317,0.03948433269600821,1787.3633333333335,82.11266666666667,0,0.0,15.080333333333334,1208.7878333333333,0,0,87.67466666666667,199.25766666666667,3063.2576666275686,0.0,-0.3333333333333334,0.6999999999999998,6.666666666666667
AS14.08,2014-04-17,6.2,t=316-318,0.056479495663470984,1437.805833333333,36.837500000000006,0,0.0,31.689666666666664,721.9603333333334,0,0,61.064,202.5195,2482.97016632557,0.0,-0.5333333333333333,0.7000000000000001,6.533333333333332
AS14.08,2014-04-18,6.0,t=317-319,0.07713838736621437,1137.4843333333333,85.87600000000002,0,0.0,16.099666666666668,655.2486666666667,1,0,118.5893333333333,161.43283333333335,2729.370832721392,0.0,-0.8333333333333334,0.7666666666666667,6.366666666666667
AS14.08,2014-04-19,7.8,t=318-320,0.06834774161672402,570.2123333333334,51.982000000000006,0,0.0,8.049833333333334,664.1241666666666,1,0,104.41716666666666,68.57016666666667,1842.150166153907,0.0,-0.6333333333333334,0.7000000000000001,6.166666666666667
AS14.08,2014-04-20,6.4,t=319-321,0.05204570381229504,648.9278333333333,68.402,0,0.0,0.0,885.1196666666666,1,0,88.69799999999998,187.7496666666667,2033.1016658147194,0.0,0.3999999999999999,0.9333333333333332,6.933333333333333
AS14.08,2014-04-21,6.4,t=320-322,0.023624301550531523,352.2618333333333,116.29266666666668,0,0.0,0.0,3419.5911666666666,0,0,61.14150000000001,1265.4076666666667,1600.0044993559534,0.0,-0.19999999999999996,0.9,6.800000000000001
AS14.08,2014-04-22,6.0,t=321-323,0.022781077162862474,468.4866666666667,291.24016666666665,0,0.0,2.516,2596.4354999999996,0,0,45.03616666666667,872.2758333333335,1869.7974994977328,0.0,-0.6666666666666666,0.7666666666666666,6.633333333333334
AS14.08,2014-04-23,5.6,t=322-324,0.04928151554087845,611.8996666666667,185.22533333333334,0,0.0,1.6773333333333333,1704.2961666666667,0,0,42.856500000000004,471.2808333333333,1821.241666316986,0.0,-0.8333333333333334,0.5333333333333333,6.2
AS14.08,2014-04-24,6.666666666666667,t=323-325,0.09317048791524178,887.581,79.90866666666666,0,0.0,0.8386666666666667,649.987,0,0,46.436,129.47400000000002,1729.686499993006,0.0,-0.3666666666666667,0.43333333333333335,5.866666666666666
AS14.08,2014-04-25,6.333333333333333,t=324-326,0.11856162223153312,1116.1801666666668,44.96366666666666,0,0.0,0.0,563.1361666666667,0,0,298.55466666666666,82.793,1803.9931664466858,0.0,0.06666666666666667,0.7000000000000001,6.2
AS14.08,2014-04-26,6.0,t=325-327,0.07765848146416668,5773.412,27.632,0,0.0,81.672,663.9473333333334,0,0,216.82783333333336,80.62783333333333,1916.5920001665756,0.0,0.1111111111111111,0.8000000000000002,6.322222222222223
AS14.08,2014-04-27,6.0,t=326-328,0.054364065895619325,3740.5365,13.816,0,0.0,54.448,482.19800000000004,0,0,123.0435,173.40999999999997,1347.1456670363748,0.0,-0.19444444444444445,0.5583333333333333,6.222222222222221
AS14.08,2014-04-28,5.8,t=327-329,0.023161360487990782,2129.7885,417.87000000000006,0,0.0,27.224,565.0321666666667,0,0,35.42616666666667,157.64766666666665,1682.551500280698,1.5,-0.5833333333333334,0.5499999999999999,6.0555555555555545
AS14.08,2014-04-29,5.75,t=328-330,0.02079929002512634,322.3745,333.161,0,0.0,0.0,504.05566666666664,0,0,38.967999999999996,143.46183333333332,1292.2823336124418,1.0,-0.7611111111111112,0.5638888888888888,5.8999999999999995
AS14.08,2014-04-30,6.666666666666667,t=329-331,0.02382051891012944,736.9476666666668,231.38133333333334,0,0.0,0.0,617.8101666666665,0,0,40.527499999999996,70.113,1672.3696667750673,0.5,-0.5305555555555556,0.4361111111111111,5.808333333333334
AS14.08,2014-05-01,7.0,t=330-332,0.03145330536116662,2002.3803333333335,156.60666666666668,0,0.0,0.0,569.9141666666666,0,0,39.853833333333334,47.888,2818.7728327512705,0.0,-0.4666666666666666,0.6833333333333332,6.216666666666666
AS14.08,2014-05-02,7.2,t=331-333,0.03543142066296786,6223.606999999999,1961.96,0,0.0,0.0,511.5158333333334,0,0,47.856833333333334,166.14283333333333,4399.971333146091,0.0,-0.008333333333333304,0.775,6.680555555555556
AS14.08,2014-05-03,7.4,t=332-334,0.10911121002415625,3922.122666666666,1299.0506666666668,0,0.0,0.0,453.0625,0,0,48.270999999999994,122.71383333333331,2837.6848334868723,0.0,-0.15000000000000002,0.9333333333333332,7.044444444444444
AS14.08,2014-05-04,6.8,t=333-335,0.17770521725890095,2369.4258333333332,635.0973333333333,0,0.0,0.0,437.8966666666667,0,0,46.10333333333333,126.46266666666666,1585.8190001646672,0.0,0.13333333333333336,0.9666666666666667,7.266666666666667
AS14.08,2014-05-05,6.666666666666667,t=334-336,0.12586638429005623,857.1541666666667,4.903,0,0.0,0.0,559.1761666666667,0,0,194.90150000000003,130.24033333333333,1395.9551669359207,0.5,-0.03333333333333335,1.0,7.066666666666666
AS14.09,2014-03-24,7.25,t=335-337,0.03761574074074072,2693.085,19745.6535,0,0.0,4.7885,50.0225,1,1,119.36116666666668,206.39616666666666,5650.192666570347,1.1666666666666667,0.375,0.5138888888888888,6.875
AS14.09,2014-03-25,6.2,t=336-338,0.06116898148148148,3086.3340000000003,13280.876666666665,1,0.0,4.2636666666666665,478.11650000000003,1,1,251.47233333333335,166.24233333333333,6136.125500361125,0.3333333333333333,0.5,0.4444444444444444,7.041666666666667
AS14.09,2014-03-26,7.75,t=337-339,0.04479166666666667,2790.513333333334,8338.188666666667,1,0.0,6.491666666666667,365.60666666666674,1,1,183.7015,242.6786666666667,6776.137834151585,0.6666666666666666,0.4916666666666667,0.10833333333333332,6.641666666666667
AS14.09,2014-03-27,7.8,t=338-340,0.06491704735239218,2083.6356666666666,2884.902666666667,1,0.0,4.6025,350.949,1,1,115.63900000000001,474.41816666666665,7668.408500631652,2.8333333333333335,0.4666666666666666,0.39166666666666666,7.1499999999999995
AS14.09,2014-03-28,8.25,t=339-341,0.04659593280282936,1299.9255,2803.2235,1,0.0,2.044,377.59066666666666,1,1,132.251,394.2093333333333,6137.418833096824,2.3333333333333335,0.03333333333333329,0.6166666666666667,7.516666666666666
AS14.09,2014-03-29,8.0,t=340-342,0.06330292671887498,1835.395166666667,4088.7625000000003,1,0.0,3.2153333333333336,367.2063333333333,1,1,209.06383333333335,477.5715,8048.887167294823,3.1666666666666665,-0.17500000000000002,0.8916666666666666,8.016666666666667
AS14.09,2014-03-30,7.75,t=341-343,0.0722525352733686,2751.540833333333,3867.343166666667,1,0.0,2.032,275.93266666666665,1,1,154.49116666666666,457.82166666666666,7942.553499976796,4.0,-0.35000000000000003,0.9666666666666667,8.049999999999999
AS14.09,2014-03-31,7.0,t=342-344,0.09670522295069399,3346.495166666666,3583.015666666666,1,0.0,1.016,357.8486666666667,1,1,86.05216666666666,943.5788333333334,8584.885166128477,3.8333333333333335,-0.6749999999999999,1.0,7.916666666666667
AS14.09,2014-04-01,7.6,t=343-345,0.09270078502415462,3426.014833333333,2625.483833333333,1,0.0,2.05,200.51133333333334,1,1,49.341,852.7593333333333,7547.045665899913,3.3333333333333335,-0.5,0.6,7.416666666666667
AS14.09,2014-04-02,6.2,t=344-346,0.08636775362318844,4333.218666666667,3330.2075,1,0.0,1.3666666666666665,138.91283333333334,1,1,420.2726666666667,1587.5900000000001,10182.559833566345,4.0,-0.2333333333333333,0.5333333333333333,7.425
AS14.09,2014-04-03,7.6,t=345-347,0.06120253657018363,2662.822833333333,2456.1733333333336,1,0.0,0.6833333333333332,54.30516666666667,1,1,311.9981666666667,1550.1418333333331,7254.938666939735,3.1666666666666665,0.06666666666666668,0.2333333333333333,6.8
AS14.09,2014-04-04,7.25,t=346-348,0.11755709228135697,2112.5946666666664,1937.1845,1,0.0,2.02,133.93883333333335,1,1,243.90283333333332,1130.3706666666667,6421.345333258311,3.0,0.06666666666666667,0.39999999999999997,7.133333333333333
AS14.09,2014-04-05,7.5,t=347-349,0.10521951836290071,2336.4888333333333,2146.0303333333336,1,87.5095,1.3466666666666667,158.67283333333333,1,1,100.5675,562.6393333333334,6098.977832992871,3.3333333333333335,-0.3416666666666666,0.5750000000000001,7.191666666666666
AS14.09,2014-04-06,6.8,t=348-350,0.1133101851851852,2879.654,2247.821833333333,1,98.83566666666667,1.1793333333333333,144.97716666666665,1,0,87.18016666666666,218.146,6056.740500251452,1.8333333333333333,-0.25,0.725,7.433333333333334
AS14.09,2014-04-07,6.2,t=349-351,0.12065972222222222,2968.734666666667,2962.192833333333,1,56.167166666666674,2.349833333333333,194.33383333333333,1,1,64.156,210.56616666666665,6554.129334767661,0.6666666666666666,-0.325,0.775,7.108333333333333
AS14.09,2014-04-08,7.2,t=350-352,0.10462962962962964,2784.2471666666665,2374.527,1,13.498666666666667,3.0318333333333336,255.58883333333333,1,1,63.59283333333334,193.65416666666667,5974.571001847585,0.0,-0.3833333333333333,0.39166666666666666,6.616666666666667
AS14.09,2014-04-09,6.5,t=351-353,0.09241898148148149,2221.3905,9806.439333333334,1,0.0,2.201166666666667,160.9765,1,1,63.71216666666667,216.50733333333332,5005.864501118661,0.5,-0.2333333333333333,0.4333333333333333,6.8
AS14.09,2014-04-10,6.0,t=352-354,0.05890376984126985,1871.1298333333332,7068.620166666667,1,0.0,0.8511666666666667,75.84116666666667,1,1,47.285333333333334,329.6945,4395.739333868028,1.8333333333333333,0.041666666666666664,0.325,6.683333333333334
AS14.09,2014-04-11,6.8,t=353-355,0.04096395502645503,1272.308,4027.075166666667,1,0.0,0.17200000000000001,113.32466666666669,1,0,69.29950000000001,247.41733333333332,3189.615000923475,1.6666666666666667,0.4583333333333333,0.18333333333333335,6.366666666666667
AS14.09,2014-04-12,7.0,t=354-356,0.07294973544973544,944.1286666666666,992.9001666666667,1,0.0,0.0,70.15400000000001,1,0,123.53883333333333,116.30766666666666,4217.751000165937,0.8333333333333334,0.2916666666666667,0.3416666666666666,6.483333333333333
AS14.09,2014-04-13,6.0,t=355-357,0.07787698412698413,1225.27,957.0878333333334,1,0.0,0.0,32.71183333333334,1,0,100.0845,49.953,3634.5716667572647,1.1666666666666667,0.125,0.6000000000000001,6.766666666666667
AS14.09,2014-04-14,5.8,t=356-358,0.12830687830687829,934.1843333333333,634.2178333333333,1,0.0,0.0,0.0,1,0,53.95516666666666,26.631500000000003,2482.623499790827,1.1666666666666667,-0.4000000000000001,0.3666666666666667,6.466666666666666
AS14.09,2014-04-15,6.0,t=357-359,0.11064814814814805,538.6148333333334,523.6871666666666,0,0.0,2.5145,0.0,1,0,26.600833333333338,51.9895,1290.803666671117,1.6666666666666667,-0.3666666666666667,0.033333333333333326,6.066666666666666
AS14.09,2014-04-16,5.5,t=358-360,0.10075231481481477,443.9541666666666,727.9355,1,0.0,1.6763333333333332,0.0,1,0,16.666166666666665,87.69266666666665,1377.1524997949598,1.8333333333333333,-0.20000000000000004,-0.06666666666666667,5.933333333333334
AS14.09,2014-04-17,7.0,t=359-361,0.05119498556998556,361.0778333333333,637.7900000000001,1,0.0,0.8381666666666666,0.0,1,0,22.8115,57.86266666666666,1031.5548333724337,1.0,-0.2833333333333333,-0.15833333333333333,5.716666666666666
AS14.09,2014-04-18,6.6,t=360-362,0.07518001917672971,820.9035,639.6291666666667,1,0.0,0.0,0.0,1,0,103.70016666666665,41.83599999999999,1601.9675002495442,1.3333333333333333,-0.16666666666666666,0.2916666666666667,6.333333333333333
AS14.09,2014-04-19,8.0,t=361-363,0.0967853949612323,724.7330000000001,1031.594,1,0.0,36.176,19.0585,1,0,72.26183333333333,80.47216666666667,2017.3606669505434,2.1666666666666665,-0.6833333333333332,0.5083333333333333,6.55
AS14.09,2014-04-20,6.25,t=362-364,0.11323019584084178,764.2515,897.0205000000001,1,0.0,26.131333333333334,30.94366666666666,1,0,45.06916666666666,57.062999999999995,2104.867166320483,1.3333333333333333,-0.27499999999999997,0.8250000000000001,7.366666666666667
AS14.09,2014-04-21,6.5,t=363-365,0.07761364661222615,464.01883333333336,547.3493333333333,1,0.0,13.401333333333334,152.45749999999998,1,0,8.943166666666668,27.575333333333333,1236.726499875387,0.5,-0.11666666666666665,0.5583333333333333,6.891666666666667
AS14.09,2014-04-22,6.6,t=364-366,0.04036232864357864,243.04183333333333,444.47216666666674,1,0.0,0.6713333333333332,95.37666666666667,1,0,65.65216666666667,37.329,880.5068331956863,1.0,-0.4583333333333333,0.5,6.666666666666667
AS14.09,2014-04-23,6.333333333333333,t=365-367,0.04422480008417507,481.589,933.2565000000001,1,0.0,0.0,57.882666666666665,1,0,41.45666666666667,430.4868333333333,1659.0904997587197,8.166666666666666,-0.43333333333333335,0.4083333333333334,6.508333333333333
AS14.09,2014-04-24,7.2,t=366-368,0.043626367845117836,672.3305,1168.3313333333333,1,0.0,0.0,22.89016666666667,0,0,47.74083333333334,688.3041666666668,2474.8019996484113,7.333333333333333,-0.39999999999999997,0.3833333333333333,6.45
AS14.09,2014-04-25,7.25,t=367-369,0.044822180134680124,545.8498333333333,849.2323333333334,1,0.0,0.0,13.789666666666667,1,1,21.550833333333333,417.6648333333333,1792.4161663055418,6.333333333333333,-0.04444444444444443,0.6777777777777777,6.811111111111111
AS14.09,2014-04-26,8.0,t=368-370,0.07845486111111111,550.647,829.241,1,0.0,0.0,4.689166666666667,1,1,59.75233333333333,144.93083333333334,1374.0388335784273,2.3333333333333335,0.1361111111111111,0.888888888888889,7.080555555555556
AS14.09,2014-04-27,6.25,t=369-371,0.10074494949494951,791.1135,598.2334999999999,1,0.0,0.0,4.113,1,1,52.826,42.605666666666664,1447.2303335666656,0.8333333333333334,0.11666666666666665,1.0,7.616666666666667
AS14.09,2014-04-28,6.6,t=370-372,0.05605885241301909,457.952,297.61466666666666,1,0.0,0.0,2.7420000000000004,0,1,29.053833333333333,25.581166666666665,809.7408334811529,0.0,-0.4583333333333333,0.625,7.0
AS14.09,2014-04-29,6.75,t=371-373,0.01837822671156005,175.287,67.42,1,0.0,0.0,1.3710000000000002,0,1,6.4624999999999995,12.455333333333334,299.5575000047684,0.0,-0.3333333333333333,0.5499999999999999,6.716666666666666
AS14.09,2014-04-30,7.0,t=372-374,0.0,0.0,0.0,0,0.0,0.0,0.0,0,0,0.0,0.0,0.0,0.0,-0.4166666666666667,0.4916666666666667,6.616666666666667
AS14.09,2014-05-01,7.5,t=373-375,0.0,0.0,0.0,0,0.0,0.0,0.0,0,0,0.0,0.0,0.0,0.0,-0.4166666666666667,0.6416666666666667,6.8500000000000005
AS14.09,2014-05-02,7.6,t=374-376,0.0,0.0,0.0,0,0.0,0.0,0.0,0,0,0.0,0.0,0.0,0.0,-0.375,0.7083333333333334,7.208333333333333
AS14.09,2014-05-03,7.75,t=375-377,0.0,0.0,0.0,0,0.0,0.0,0.0,0,0,0.0,0.0,0.0,0.0,-0.16666666666666666,0.775,7.466666666666666
AS14.09,2014-05-04,6.6,t=376-378,0.0,0.0,0.0,0,0.0,0.0,0.0,0,0,0.0,0.0,0.0,0.0,0.08333333333333333,0.7666666666666666,7.658333333333334
AS14.09,2014-05-05,6.0,t=377-379,0.0,0.0,0.0,0,0.0,0.0,0.0,0,0,0.0,0.0,0.0,0.0,0.18333333333333335,0.5833333333333334,7.1499999999999995
AS14.12,2014-04-02,6.0,t=378-380,0.10291201899121305,1807.4348333333335,591.8118333333333,1,5.559666666666666,5.729666666666667,2092.3619999999996,1,0,47.12016666666667,1121.9723333333334,6242.372833093009,1.5,0.30000000000000004,0.5499999999999999,6.300000000000001
AS14.12,2014-04-03,5.4,t=379-381,0.13255191370078803,2241.8276666666666,698.5866666666667,1,3.093666666666666,201.61583333333337,2534.7768333333333,1,0,61.69766666666666,1024.6328333333333,10212.864833315209,2.3333333333333335,0.0,0.48333333333333334,6.2
AS14.12,2014-04-04,6.5,t=380-382,0.1511560698892205,2641.8146666666667,975.65,1,0.6276666666666667,556.5141666666667,3511.2953333333335,1,0,53.68233333333333,1696.0109999999997,10918.971834262209,2.8333333333333335,0.13333333333333336,0.23611111111111108,5.766666666666667
AS14.12,2014-04-05,6.2,t=381-383,0.14634707310484923,1929.3798333333334,704.5175,1,0.0,611.4945,3001.5766666666664,1,0,49.256499999999996,1555.0661666666667,9260.207333366074,7.0,0.44166666666666665,0.3888888888888889,6.05
AS14.12,2014-04-06,6.25,t=382-384,0.14763266518440263,981.3338333333332,1044.8943333333334,1,2.0045,316.3835,2523.1278333333335,1,0,55.33383333333333,1617.2206666666668,6579.367333650589,6.166666666666667,0.31666666666666665,0.4222222222222222,6.166666666666667
AS14.12,2014-04-07,6.4,t=383-385,0.11683497929464519,361.2961666666667,862.0321666666667,1,1.3363333333333334,87.52283333333334,1615.3218333333334,1,0,49.519499999999994,1028.0088333333333,4265.637833555539,3.1666666666666665,0.25,0.6194444444444445,6.2749999999999995
AS14.12,2014-04-08,6.25,t=384-386,0.11694765174117112,417.9556666666667,843.0831666666667,1,54.83716666666667,2.518,2063.3356666666664,1,0,54.11483333333333,1278.7414999999999,4749.691167036693,0.6666666666666666,0.18333333333333335,0.8166666666666668,6.316666666666667
AS14.12,2014-04-09,5.25,t=385-387,0.1152477121610368,941.1064999999999,1091.7685,1,36.11266666666667,51.11966666666667,2767.471,1,0,48.761,2177.188666666667,6466.927666982015,1.0,0.10833333333333334,0.5833333333333334,6.3
AS14.12,2014-04-10,6.4,t=386-388,0.14291920827918614,1457.0259999999998,1782.7481666666665,1,107.96283333333334,123.77350000000001,3561.108833333333,1,0,45.322,16565.8115,9187.51616605123,0.6666666666666666,0.03333333333333333,0.0,5.7749999999999995
AS14.12,2014-04-11,6.6,t=387-389,0.14169179666266027,1095.1551666666667,1240.4565,1,62.51216666666667,76.46266666666666,4364.788333333333,1,0,49.16649999999999,11748.160000000002,8905.575832724571,0.3333333333333333,0.10000000000000002,0.17499999999999996,5.991666666666667
AS14.12,2014-04-12,6.8,t=388-390,0.10794839105128524,561.9218333333333,726.6781666666666,1,31.68516666666667,29.99116666666667,3602.4935,1,0,48.32216666666667,10655.137499999999,6879.123165329299,1.0,-0.18333333333333335,0.6166666666666667,6.308333333333333
AS14.12,2014-04-13,5.6,t=389-391,0.08815636554131617,1090.9278333333334,537.1371666666666,0,0.8581666666666666,5.5295,2811.534833333333,1,0,60.99266666666667,5031.161833333333,6574.076832811036,0.6666666666666666,-0.13333333333333333,0.8333333333333334,6.666666666666667
AS14.12,2014-04-14,6.6,t=390-392,0.08762078115799175,1475.983,857.0369999999999,0,0.0,26.295333333333332,3225.6608333333334,1,0,66.92516666666667,3201.174333333333,7572.426834225655,1.8333333333333333,0.21666666666666665,0.43333333333333335,6.166666666666667
AS14.12,2014-04-15,6.8,t=391-393,0.08951187025844741,1403.7908333333332,1327.0121666666666,1,0.0,16.915833333333335,3352.9531666666667,1,0,72.76549999999999,1710.2938333333332,8017.027167161307,1.5,-3.700743415417188e-17,0.5333333333333333,6.3
AS14.12,2014-04-16,7.0,t=392-394,0.10506386465350707,1716.4288333333334,885.2795,1,0.0,94.31933333333332,3347.4809999999998,1,0,63.18933333333333,1930.3346666666666,7644.953166524571,3.8333333333333335,0.06666666666666667,0.7666666666666666,6.533333333333332
AS14.12,2014-04-17,6.8,t=393-395,0.15363714630962436,1992.1476666666667,865.9636666666667,1,0.0,57.855333333333334,2512.1650000000004,1,0,61.6935,2496.3213333333333,7216.453834454219,4.666666666666667,0.0,0.9666666666666667,6.866666666666667
AS14.12,2014-04-18,6.6,t=394-396,0.15157231172418756,1968.4750000000001,593.2433333333333,1,0.0,91.47316666666666,3096.614833333333,1,0,54.790333333333336,1908.7411666666667,7415.291333993276,3.6666666666666665,-0.26666666666666666,0.9,6.866666666666667
AS14.12,2014-04-19,5.8,t=395-397,0.11669331234196754,1108.7958333333333,693.9928333333334,1,0.0,41.696999999999996,3184.2256666666667,1,0,54.24966666666668,1251.1471666666666,6706.940000017484,1.5,-0.5,0.8333333333333334,6.733333333333333
AS14.12,2014-04-20,6.4,t=396-398,0.13208592655653814,1110.0573333333334,759.5515,1,0.0,20.848499999999998,2933.4784999999997,1,0,56.392500000000005,16925.225333333332,6898.952666958173,3.3333333333333335,-0.09999999999999994,0.6000000000000001,6.233333333333333
AS14.12,2014-04-21,6.0,t=397-399,0.1791852284990015,898.9486666666667,1077.1555,1,275.207,41.235,3645.458666666667,1,0,54.704499999999996,13064.607166666667,10946.45433346431,2.0,0.2333333333333334,0.7666666666666666,6.233333333333334
AS14.12,2014-04-22,6.5,t=398-400,0.1363987471245421,1004.9401666666666,640.302,0,214.06883333333334,27.49,2883.7043333333336,1,0,49.85916666666666,7413.5045,8348.353333195053,1.5,0.07500000000000002,0.775,6.1000000000000005
AS14.12,2014-04-23,5.8,t=399-401,0.14243504624987965,2058.970333333333,3142.019333333333,1,112.134,13.745,3997.7363333333337,1,0,52.793,2326.0906666666665,13092.730833292013,1.3333333333333333,0.10833333333333334,0.9166666666666666,6.316666666666666
AS14.12,2014-04-24,6.6,t=400-402,0.12382778340717036,1505.2486666666666,2254.9109999999996,1,10.199166666666667,22.093499999999995,3615.422166666667,1,0,46.92766666666666,1681.7993333333332,9629.871666272484,3.8333333333333335,0.041666666666666664,0.8583333333333334,6.066666666666666
AS14.12,2014-04-25,5.6,t=401-403,0.1082138733259903,856.1569999999998,1543.3923333333332,1,0.0,96.798,3776.5181666666667,1,0,43.6705,2408.1656666666663,8398.817665576937,2.8333333333333335,-0.2583333333333333,0.7333333333333334,6.316666666666666
AS14.12,2014-04-26,7.0,t=402-404,0.11482926559634295,443.42766666666665,401.80566666666664,1,0.0,62.07716666666667,2680.509666666667,1,1,43.559666666666665,2317.0989999999997,5620.443832993507,3.3333333333333335,-0.09999999999999998,0.43333333333333335,5.966666666666666
AS14.12,2014-04-27,6.0,t=403-405,0.22538525356161299,365.48016666666666,325.3488333333333,1,0.0,27.356333333333335,1738.6756666666668,1,1,43.53916666666667,1719.7983333333332,4450.032166322071,4.5,0.09166666666666667,0.6666666666666666,6.466666666666666
AS14.12,2014-04-28,6.6,t=404-406,0.23004523111435096,330.7145,440.86466666666666,1,0.0,7.546499999999999,1480.5523333333333,1,1,55.6895,1060.3378333333333,4467.204332907993,3.1666666666666665,0.11666666666666665,0.7416666666666667,6.266666666666667
AS14.12,2014-04-29,6.0,t=405-407,0.16262152502957908,517.4830000000001,453.38916666666665,1,0.0,5.031,1589.1331666666665,1,1,51.848000000000006,1394.1845,4250.341833194097,6.333333333333333,-0.2583333333333333,0.9166666666666666,6.466666666666666
AS14.12,2014-04-30,6.25,t=406-408,0.10031129630073622,727.5915,410.074,1,0.0,88.23049999999999,2702.6193333333335,1,1,50.44050000000001,1834.9608333333333,5214.038166721662,5.5,-0.4000000000000001,0.9583333333333334,6.2
AS14.12,2014-05-01,6.2,t=407-409,0.1016287566009421,1196.2643333333333,705.1813333333333,1,0.0,75.25333333333333,2544.0778333333333,1,0,41.91266666666667,1872.9611666666667,5762.288499911626,4.0,-0.35833333333333334,0.8333333333333334,6.2250000000000005
AS14.12,2014-05-02,5.5,t=408-410,0.1016490230421991,1756.787833333333,886.5360000000001,1,90.8055,76.3485,3186.0966666666664,1,0,50.51833333333334,1643.3705,8440.956166744229,2.3333333333333335,-0.25,0.6388888888888888,6.183333333333334
AS14.12,2014-05-03,5.6,t=409-411,0.11768864992475302,2246.695333333333,1870.9170000000001,1,60.537,48.52,4120.764,1,0,48.74366666666666,2080.751,13175.08149973551,1.5,-0.10833333333333334,0.5277777777777778,5.858333333333333
AS14.12,2014-05-04,4.8,t=410-412,0.10216490293847125,1683.046833333333,1315.1453333333334,1,30.2685,59.529666666666664,3412.7826666666665,1,0,48.92416666666667,2538.914333333333,10226.17666729291,1.6666666666666667,-0.23333333333333336,0.35000000000000003,5.666666666666667
AS14.12,2014-05-05,6.0,t=411-413,0.10751265105774847,918.1496666666666,1243.7085,1,0.0,29.676666666666666,3895.008666666666,1,0,45.49533333333333,2962.3573333333334,8422.367501139639,0.8333333333333334,-0.5333333333333333,0.04999999999999999,5.183333333333333
AS14.13,2014-03-16,6.4,t=412-414,0.0,3360.053833333334,381.14433333333335,0,0.0,0.0,624.5536666666667,1,0,1060.4645,1632.0738333333331,4956.758666555088,2.6666666666666665,-0.16666666666666666,0.8333333333333334,7.266666666666667
AS14.13,2014-03-17,6.6,t=413-415,0.0,2235.6684999999998,259.3493333333334,0,0.0,0.0,630.458,1,0,1841.826,1045.2525,5220.698332707087,1.5,-0.39999999999999997,0.46666666666666673,6.833333333333333
AS14.13,2014-03-18,7.0,t=414-416,0.0,1271.4591666666668,124.49633333333334,0,0.0,0.0,497.834,1,0,1379.6760000000002,903.2256666666667,3986.1494988600407,0.5,-0.3,0.5333333333333333,6.599999999999999
AS14.13,2014-03-19,7.8,t=415-417,0.0,3387.736333333333,1238.4913333333334,0,0.0,0.0,445.74066666666675,1,0,1142.432,646.2203333333333,3243.4463320573172,0.0,-0.26666666666666666,0.7000000000000001,6.766666666666667
AS14.13,2014-03-20,6.4,t=416-418,0.0,6902.108499999999,1358.8931666666665,0,0.0,0.0,357.25500000000005,1,0,2545.7633333333333,753.948,9022.909332195923,0.0,-0.16666666666666666,1.0,7.333333333333333
AS14.13,2014-03-21,6.4,t=417-419,0.1437586981179418,7989.930666666666,1104.3986666666665,0,0.0,0.0,416.42966666666666,0,0,1878.1875,587.3856666666667,9820.622832298284,0.0,0.30000000000000004,0.6333333333333334,6.966666666666668
AS14.13,2014-03-22,8.4,t=418-420,0.13816348817441457,11204.641666666668,1014.8948333333333,0,0.0,0.0,296.3478333333333,1,0,964.506,357.9156666666667,11863.452331900602,1.0,0.5333333333333333,0.5666666666666667,6.633333333333334
AS14.13,2014-03-23,7.4,t=419-421,0.12312255324583547,10241.119833333332,1661.7404999999999,0,0.0,0.0,464.6105,1,0,319.0338333333333,587.9118333333332,11909.479332447052,0.6666666666666666,1.0333333333333332,1.0333333333333334,7.400000000000001
AS14.13,2014-03-24,8.8,t=420-422,0.10501393550574062,8112.942,1281.265,0,0.0,0.0,369.9736666666666,1,0,305.074,526.3505,9527.77366642157,1.3333333333333333,1.366666666666667,1.1333333333333335,7.566666666666667
AS14.13,2014-03-25,7.6,t=421-423,0.20908962074616724,4936.500333333333,1063.4168333333334,0,0.0,0.0,285.2036666666666,0,0,220.36616666666666,454.02416666666664,6574.545000314712,1.6666666666666667,1.2666666666666666,1.5,8.266666666666667
AS14.13,2014-03-26,8.4,t=422-424,0.17161567689636745,4181.498166666667,524.3411666666667,0,0.0,0.0,294.218,1,0,658.5193333333333,250.15016666666668,5164.082333286603,1.0,1.2,1.6666666666666667,7.966666666666666
AS14.13,2014-03-27,7.4,t=423-425,0.2359192215361944,5622.6956666666665,630.5308333333334,0,0.0,0.0,280.3326666666667,1,0,529.0165000000001,320.09700000000004,6989.477833112081,1.3333333333333333,0.06666666666666665,1.4000000000000001,8.200000000000001
AS14.13,2014-03-28,7.6,t=424-426,0.17169352043354155,6792.544666666666,670.7311666666666,0,0.0,0.0,321.43816666666663,1,0,540.9756666666666,176.37516666666667,8141.969332655269,1.1666666666666667,-0.7333333333333333,1.1333333333333333,7.766666666666667
AS14.13,2014-03-29,7.2,t=425-427,0.25443243375961405,6173.789833333333,1314.2993333333334,0,0.0,16.684,1652.9971666666663,1,0,309.5608333333333,921.9773333333333,10440.998666167257,0.6666666666666666,-1.0666666666666667,1.0999999999999999,7.666666666666667
AS14.13,2014-03-30,6.2,t=426-428,0.31491962382667876,5451.603166666667,1102.4485,0,0.0,11.122666666666667,1380.2851666666666,1,0,206.48183333333336,687.8281666666667,8286.576000412304,0.16666666666666666,-1.4333333333333336,1.0666666666666667,7.366666666666667
AS14.13,2014-03-31,7.0,t=427-429,0.23460817614503207,6197.344,765.1525,0,0.0,5.561333333333334,762.3728333333333,1,0,821.7890000000001,376.424,8657.679333488146,0.0,-1.0666666666666667,0.9333333333333335,6.766666666666667
AS14.13,2014-04-01,7.5,t=428-430,0.24467151517373842,4642.966833333333,832.0226666666667,0,0.0,0.0,503.387,0,0,558.5366666666667,321.3531666666666,6837.6466656923285,0.5,-1.0999999999999999,0.7333333333333334,6.766666666666667
AS14.13,2014-04-02,7.4,t=429-431,0.3352217235983106,4243.815166666666,804.6875,0,0.0,0.0,2320.4181666666664,0,0,350.516,1793.6145,7152.479332804677,3.3333333333333335,-1.25,0.8333333333333334,7.116666666666667
AS14.13,2014-04-03,7.6,t=430-432,0.3805579031653297,12226.248,715.0338333333333,0,0.0,0.0,1911.3144999999997,0,0,112.32366666666667,1357.7718333333335,8004.753498355548,2.1666666666666665,-1.3,0.9333333333333332,7.366666666666667
AS14.13,2014-04-04,7.8,t=431-433,0.3488437787075487,13895.437166666665,495.142,0,0.0,0.0,982.0864999999999,0,0,124.34783333333333,1440.3121666666666,10004.079998771349,6.0,-1.05,1.2,7.516666666666666
AS14.13,2014-04-05,6.8,t=432-434,0.2615611689467412,11204.351666666667,559.8948333333334,0,0.0,0.0,349.3186666666666,0,0,161.56133333333335,1040.4783333333332,9351.271834293999,4.833333333333333,-0.7666666666666666,1.1333333333333333,7.666666666666667
AS14.13,2014-04-06,6.25,t=433-435,0.19447241342757238,10387.5115,563.15,0,0.0,0.0,179.89016666666666,0,0,208.24483333333333,610.1583333333334,10809.479167501127,2.6666666666666665,-0.2333333333333333,0.9666666666666668,7.266666666666666
AS14.13,2014-04-07,7.4,t=434-436,0.24510464556302058,8207.151166666667,470.061,0,0.0,0.0,356.9921666666667,1,0,276.3546666666667,894.6846666666667,9657.368999759352,0.5,0.09166666666666667,0.8083333333333332,6.691666666666666
AS14.13,2014-04-08,8.2,t=435-437,0.286852881480212,10201.971333333333,310.25783333333334,0,0.0,0.0,647.6765,1,0,900.0378333333333,616.7665000000001,10160.67483242353,1.0,-0.08333333333333337,0.8833333333333333,6.916666666666667
AS14.13,2014-04-09,7.8,t=436-438,0.2182228135134485,9137.724166666667,619.1226666666666,0,0.0,0.0,472.5265,1,0,620.1945,860.4285,10119.434000611307,1.6666666666666667,0.3083333333333334,1.1583333333333332,7.608333333333333
AS14.13,2014-04-10,7.6,t=437-439,0.18791185517498699,10493.518833333334,482.08933333333334,0,0.0,0.0,310.5468333333333,0,0,731.0908333333333,1135.5289999999998,12346.398999055227,3.0,0.10000000000000002,1.2333333333333332,7.866666666666666
AS14.13,2014-04-11,6.8,t=438-440,0.23875000421493345,9381.252166666667,243.75316666666666,0,0.0,7.5345,147.71333333333334,0,0,419.3171666666667,811.4866666666667,10901.936665534971,2.1666666666666665,0.36666666666666664,1.1333333333333333,7.766666666666666
AS14.13,2014-04-12,6.8,t=439-441,0.36913520767796854,5798.874,39.775666666666666,0,0.0,5.023000000000001,256.7811666666667,0,0,331.972,771.8091666666666,7094.207998752593,1.5,0.4666666666666666,1.1333333333333333,7.233333333333333
AS14.13,2014-04-13,6.6,t=440-442,0.2555207524779561,4924.5405,62.2175,0,0.0,118.88999999999999,313.26616666666666,0,0,157.88066666666666,532.1298333333333,6468.582333246864,5.5,0.6,1.0666666666666667,6.933333333333333
AS14.13,2014-04-14,6.8,t=441-443,0.18562136512909913,6053.636166666666,41.47833333333333,0,0.0,77.58566666666667,254.8456666666667,0,0,197.3475,348.1845,7234.8741664886475,4.5,0.39999999999999997,0.9333333333333335,6.699999999999999
AS14.13,2014-04-15,6.0,t=442-444,0.19687269721561085,5830.127166666666,20.739166666666666,0,0.0,38.792833333333334,216.29166666666666,0,0,229.37566666666666,302.5568333333333,6477.451999704043,2.3333333333333335,-0.1333333333333333,0.9333333333333332,6.733333333333333
AS14.13,2014-04-16,6.0,t=443-445,0.29719690517254344,6100.077833333334,0.0,0,0.0,0.0,186.88,0,0,422.07750000000004,1385.9661666666664,7310.94433371226,1.8333333333333333,-0.5666666666666668,0.5666666666666667,6.366666666666667
AS14.13,2014-04-17,6.4,t=444-446,0.33595602303199557,5457.013666666667,0.0,0,0.0,45.637499999999996,234.38116666666667,0,0,404.7536666666667,1171.0396666666666,6755.921166221301,2.0,-0.4916666666666667,0.6083333333333333,6.133333333333333
AS14.13,2014-04-18,3.5,t=445-447,0.1951222282411955,7456.584333333333,36.883,0,0.0,63.827999999999996,282.72499999999997,0,0,929.0859999999999,745.3571666666667,9299.141833504042,2.6666666666666665,-0.8166666666666665,0.7833333333333333,6.2
AS14.13,2014-04-19,7.2,t=446-448,0.12927506467264926,4314.665,24.58866666666667,0,0.0,37.48116666666667,186.44299999999998,0,0,556.5718333333333,215.67700000000002,5412.848166942596,1.3333333333333333,-0.9416666666666668,-0.041666666666666664,4.883333333333334
AS14.13,2014-04-20,6.6,t=447-449,0.1667210773929563,5003.3455,202.71733333333336,0,0.0,70.76433333333333,171.98983333333334,1,0,522.7995,805.0293333333333,6785.629500746726,1.0,-0.8333333333333334,0.3333333333333333,5.833333333333333
AS14.13,2014-04-21,7.4,t=448-450,0.23107293727068123,4975.237666666667,132.67366666666666,0,0.0,47.270833333333336,163.27516666666668,1,0,240.09116666666668,510.78833333333336,4631.301834185917,0.3333333333333333,-1.1666666666666667,0.4666666666666666,6.283333333333332
AS14.13,2014-04-22,5.75,t=449-451,0.20608760739454168,7235.608833333333,67.291,0,0.0,24.888333333333332,160.53900000000002,1,0,1327.2925,383.651,7606.16283380985,0.16666666666666666,-1.3333333333333333,0.8666666666666667,7.1000000000000005
AS14.13,2014-04-23,7.4,t=450-452,0.2315823677585067,6486.721999999999,1.9083333333333332,0,0.0,2.5058333333333334,323.49766666666665,1,0,955.571,859.9118333333332,7577.386667251587,0.5,-1.3583333333333334,0.8083333333333332,6.441666666666666
AS14.13,2014-04-24,7.666666666666667,t=451-453,0.33581539090769635,4585.773833333333,0.0,0,0.0,0.0,494.6426666666666,1,0,540.2253333333333,817.7554999999999,6118.758167068164,2.8333333333333335,-1.05,0.9166666666666666,6.8500000000000005
AS14.13,2014-04-25,7.75,t=452-454,0.41026871378339597,3191.3943333333336,0.0,0,0.0,0.0,533.5034999999999,1,0,229.93433333333329,720.5111666666667,9412.112334370611,2.8333333333333335,0.024999999999999984,0.9583333333333334,7.258333333333333
AS14.13,2014-04-26,8.8,t=453-455,0.43931668230171333,2699.5598333333332,0.0,0,0.0,0.0,1104.5365,1,0,369.79850000000005,734.5521666666667,8066.603000243503,1.5,0.075,1.125,7.663888888888889
AS14.13,2014-04-27,8.0,t=454-456,0.30457201566531983,4160.681166666667,0.0,0,0.0,0.0,849.332,1,0,364.61283333333336,466.69366666666673,7866.963999748227,0.3333333333333333,-0.8166666666666668,1.3833333333333335,8.261111111111111
AS14.13,2014-04-28,8.166666666666666,t=455-457,0.26239373256900783,7428.13,0.0,0,0.0,8.2165,828.4468333333334,1,0,864.2289999999999,616.9848333333333,10251.768332640328,0.0,-0.8916666666666666,1.4916666666666665,8.225
AS14.13,2014-04-29,8.5,t=456-458,0.2659449053671302,7411.178333333333,0.0,0,0.0,13.639166666666668,615.5889999999999,1,0,740.1776666666666,545.4323333333333,9733.433499614395,0.0,-1.3,1.2666666666666666,8.216666666666667
AS14.13,2014-04-30,7.833333333333333,t=457-459,0.30624669734065163,7122.395166666666,0.0,0,0.0,15.758833333333333,411.3296666666667,1,0,483.83633333333336,502.5926666666666,8916.981000065802,0.0,-1.263888888888889,1.2083333333333333,8.305555555555555
AS14.13,2014-05-01,8.333333333333334,t=458-460,0.3049647384447422,6413.014,0.0,0,0.0,66.98566666666666,488.75050000000005,1,0,308.23,262.16266666666667,7667.2766673167525,0.0,-1.277777777777778,1.0833333333333333,8.11111111111111
AS14.13,2014-05-02,8.0,t=459-461,0.22544643230442052,5761.341333333333,0.0,0,0.0,91.02283333333332,464.6281666666667,1,0,488.8543333333334,178.10583333333332,7011.944833358129,0.0,-1.0972222222222223,1.5416666666666667,8.194444444444445
AS14.13,2014-05-03,7.25,t=460-462,0.20979272667832435,5918.804833333333,0.0,0,0.0,86.24150000000002,503.3643333333334,1,0,347.0733333333333,588.5646666666667,7457.826832969986,0.0,-1.2277777777777776,1.2333333333333334,8.083333333333334
AS14.13,2014-05-04,8.0,t=461-463,0.09907734805475445,2965.9258333333332,0.0,0,0.0,38.88916666666667,272.1331666666667,1,0,156.4685,390.7001666666667,3830.4408330520005,0.0,-1.0083333333333333,1.0999999999999999,7.680555555555556
AS14.14,2014-03-23,6.0,t=462-464,0.10579542216526755,3401.7148333333334,373.9703333333334,1,0.0,0.0,1401.6801666666668,1,0,1841.3641666666665,3804.406166666667,9621.38316643238,3.1666666666666665,-0.4444444444444444,0.24444444444444446,6.2
AS14.14,2014-03-24,6.5,t=463-465,0.09411607623939727,3709.7826666666665,395.16266666666667,1,0.0,0.0,1530.3165000000001,1,0,1165.619,4968.669000000001,10275.588834126791,1.5,-0.6,0.16666666666666666,6.0
AS14.14,2014-03-25,5.75,t=464-466,0.07906301842775926,5351.738833333334,438.5133333333333,1,0.0,0.0,1235.1906666666666,1,0,506.2048333333333,4379.478166666667,11276.270667473475,0.0,-0.7999999999999999,0.19166666666666665,6.216666666666666
AS14.14,2014-03-26,7.0,t=465-467,0.08182308320661373,5634.992833333333,207.62483333333333,1,0.0,0.0,1127.987,1,0,956.0120000000001,4499.009666666668,12241.371000051498,1.0,-0.5583333333333333,0.11666666666666665,6.041666666666667
AS14.14,2014-03-27,6.6,t=466-468,0.1107121760989098,5341.219333333333,336.31683333333336,1,0.0,0.0,1077.1406666666667,1,0,1528.6551666666667,3754.325666666667,11868.43433312575,1.6666666666666667,-0.35000000000000003,0.5416666666666666,6.5
AS14.14,2014-03-28,6.2,t=467-469,0.10000856945458832,7260.715666666666,295.1905,1,0.0,0.0,1359.262,1,0,935.3470000000001,2805.018666666667,12063.479334314665,1.5,-0.6083333333333333,0.7333333333333334,6.591666666666666
AS14.14,2014-03-29,8.0,t=468-470,0.08428818159018363,7535.1005000000005,249.00183333333334,1,0.0,0.0,1311.9091666666666,1,0,510.9145000000001,4420.026666666668,11856.8746667703,1.1666666666666667,-0.5666666666666668,0.7333333333333334,6.466666666666666
AS14.14,2014-03-30,6.5,t=469-471,0.11942391267838849,4901.719,100.58616666666667,1,0.0,0.0,1077.8204999999998,1,0,140.82416666666668,4078.230833333333,8346.250332395237,1.5,-0.425,0.9583333333333334,7.166666666666667
AS14.14,2014-03-31,6.75,t=470-472,0.07160420125772803,2068.569,30.804666666666666,1,0.0,0.0,472.03999999999996,0,0,77.11633333333334,15299.198333333332,4849.797499497733,1.3333333333333333,-0.65,1.0166666666666666,6.95
AS14.14,2014-04-01,6.2,t=471-473,0.05406867379811615,1003.2346666666668,1.9083333333333332,1,0.0,0.0,136.9068333333333,0,0,33.33516666666667,11006.416666666666,3214.364166458448,3.6666666666666665,-0.5,0.9166666666666666,6.875
AS14.14,2014-04-02,7.0,t=472-474,0.043113145659039794,481.5508333333334,0.0,0,0.0,0.0,16.223,0,0,37.261,5656.786833333333,1690.8243332703908,2.1666666666666665,-0.25,0.6166666666666667,6.433333333333334
AS14.14,2014-04-03,7.333333333333333,t=473-475,0.05683813642599259,285.73,0.0,0,0.0,0.0,46.68133333333333,0,0,26.990333333333336,1432.3234999999997,1049.0666661659875,1.0,-0.5416666666666666,0.7583333333333333,6.691666666666666
AS14.14,2014-04-04,7.5,t=474-476,0.06452364245386032,256.44,0.0,1,0.0,0.0,52.60933333333333,0,0,45.342333333333336,1366.9916666666668,1518.101166089377,0.0,-0.5833333333333334,0.9,7.033333333333334
AS14.14,2014-04-05,7.4,t=475-477,0.035620004049034516,169.60383333333334,0.0,1,0.0,0.0,27.48266666666667,0,0,40.71633333333334,915.7478333333333,1074.6356661717105,0.0,-0.8333333333333334,1.0,7.361111111111111
AS14.14,2014-04-06,7.4,t=476-478,0.021176882256896516,452.18100000000004,0.0,1,0.0,1.5055000000000003,47.40366666666667,0,0,55.15716666666666,1140.7465,1240.9063333272936,0.0,-1.2166666666666668,0.7999999999999999,7.422222222222222
AS14.14,2014-04-07,7.0,t=477-479,0.020703671063528963,3638.3596666666667,0.0,0,0.0,1.0036666666666667,81.26416666666667,0,0,49.83983333333333,1382.114166666667,1178.2500002384184,0.5,-1.2,0.8666666666666667,7.416666666666667
AS14.14,2014-04-08,6.8,t=478-480,0.016865163408598585,2432.8821666666668,0.0,0,0.0,0.5018333333333334,116.74366666666667,0,0,68.32266666666668,918.9911666666667,943.9608335494994,0.8333333333333334,-0.7000000000000001,0.9333333333333332,7.2
AS14.14,2014-04-09,8.0,t=479-481,0.02757436847527192,1196.109,0.0,0,0.0,0.0,62.927166666666665,0,0,59.357,20508.11733333333,620.4476664463679,1.0,-0.3333333333333333,0.9,6.966666666666666
AS14.14,2014-04-10,6.666666666666667,t=480-482,0.07321200583765075,123.55316666666666,0.0,0,0.0,0.0,28.851,0,0,45.10816666666667,13918.354000000001,791.8506667216622,0.5,0.06666666666666665,0.9333333333333332,7.433333333333334
AS14.14,2014-04-11,7.75,t=481-483,0.07163302821128452,76.21333333333334,0.0,0,0.0,0.0,19.000833333333333,0,0,29.621166666666667,7454.529333333333,864.8306664625803,0.16666666666666666,-0.0888888888888889,0.9666666666666667,7.133333333333333
AS14.14,2014-04-12,7.5,t=482-484,0.04992038482059491,43.655166666666666,0.0,0,0.0,0.0,45.153,0,0,43.60183333333333,3378.9545,741.6883333126704,1.0,0.4444444444444444,1.0,7.430555555555556
AS14.14,2014-04-13,7.5,t=483-485,0.04922202991366035,9.546,0.0,0,0.0,0.0,27.023833333333332,0,0,35.52133333333333,2152.798833333333,383.38766674200696,0.6666666666666666,0.2777777777777778,1.0,7.4444444444444455
AS14.14,2014-04-14,7.5,t=484-486,0.025583599729910783,3.1995,0.0,0,0.0,0.0,11.070333333333332,0,0,17.6835,1025.5918333333332,145.6808333396912,0.3333333333333333,0.16666666666666666,1.0,7.541666666666667
AS14.14,2014-04-15,6.0,t=485-487,0.013946970266449324,20.104,0.0,0,0.0,0.0,0.0,0,0,1473.2640000000001,109.807,193.12783336639413,0.0,0.0,1.0,7.5
AS14.14,2014-04-16,6.0,t=486-488,0.003126220185043714,39.626666666666665,0.0,0,0.0,0.0,7.742999999999999,0,0,993.9015,1611.5683333333334,275.11416657765716,0.0,-0.5,0.6666666666666666,6.75
AS14.14,2014-04-17,6.2,t=487-489,0.030973813767931416,30.751499999999997,0.0,0,0.0,0.0,5.162,0,0,526.9488333333334,3730.9328333333337,533.3899999856949,0.0,-0.08333333333333333,0.40277777777777773,6.25
AS14.14,2014-04-18,6.5,t=488-490,0.046388031222590075,38.32516666666667,0.0,0,0.0,38.771499999999996,11.6695,0,0,65.9615,8774.474666666667,702.0001664956412,0.5,0.0,0.33888888888888885,6.1000000000000005
AS14.14,2014-04-19,6.75,t=489-491,0.037890017117958294,38.599333333333334,0.0,0,0.0,25.847666666666665,6.059,0,0,51.959333333333326,5260.024,444.31983331839257,0.3333333333333333,-0.4166666666666667,0.17500000000000002,6.316666666666666
AS14.14,2014-04-20,7.5,t=490-492,0.016673961251167133,60.52633333333333,0.0,0,0.0,12.923833333333333,3.0295,0,0,47.93166666666667,2259.7056666666663,298.6295001506806,0.6666666666666666,-0.20833333333333334,0.5666666666666667,6.575
AS14.14,2014-04-21,7.0,t=491-493,0.00805078976034858,138.5476666666667,0.0,0,84.8495,0.0,0.0,0,0,46.064166666666665,276.57783333333333,535.7313336928684,0.8333333333333334,-0.5833333333333334,0.5833333333333334,7.083333333333333
AS14.14,2014-04-22,7.0,t=492-494,0.02401968462823725,244.91533333333336,0.0,0,56.56633333333334,0.0,9.0745,0,0,41.46450000000001,1098.5456666666666,629.3435000181199,1.0,-0.16666666666666666,0.8333333333333334,7.125
AS14.14,2014-04-23,7.0,t=493-495,0.019191849286116672,213.99616666666665,0.0,0,28.28316666666667,0.0,105.53266666666667,0,0,40.624500000000005,1563.843,706.7889999548594,1.5,-0.2833333333333334,0.7166666666666667,7.083333333333333
AS14.14,2014-04-24,7.333333333333333,t=494-496,0.0318986384676353,126.58899999999998,0.0,0,0.0,0.0,76.44283333333334,1,0,42.82916666666667,1149.7076666666665,670.8801666895547,0.8333333333333334,-0.5916666666666667,0.5333333333333333,7.0
AS14.14,2014-04-25,8.0,t=495-497,0.04851379894786496,78.477,0.0,0,0.0,16.2115,37.89166666666667,1,0,39.149,654.1611666666666,650.6013334194819,0.3333333333333333,-0.2333333333333333,0.7111111111111111,7.166666666666667
AS14.14,2014-04-26,8.0,t=496-498,0.031965858661472224,289.43850000000003,0.0,0,0.0,10.807666666666668,2.3653333333333335,1,0,55.53900000000001,1206.7968333333333,719.1649998426441,0.0,0.3444444444444445,1.0888888888888888,7.611111111111111
AS14.14,2014-04-27,7.666666666666667,t=497-499,0.0795016474022559,197.71766666666667,0.0,0,0.0,5.403833333333334,0.0,1,0,37.5675,5426.959666666666,464.1583333810172,0.5,-0.17777777777777778,1.1333333333333333,7.888888888888888
AS14.14,2014-04-28,7.666666666666667,t=498-500,0.04704596158386725,176.3401666666667,0.0,0,0.0,0.0,0.0,0,0,38.52283333333333,3581.8761666666655,415.33683339754793,0.3333333333333333,-0.19999999999999998,1.0666666666666667,7.833333333333333
AS14.14,2014-04-29,7.666666666666667,t=499-501,0.02329125615763546,59.10233333333334,0.0,0,0.0,0.0,0.0,0,0,16.684166666666666,1672.9655,205.42250021298761,0.6666666666666666,-0.16666666666666666,1.0,7.722222222222222
AS14.14,2014-04-30,7.0,t=500-502,0.0023726851851851825,40.73866666666667,0.0,0,0.0,0.0,0.0,0,0,11.651833333333334,157.7251666666667,177.31166672706615,0.3333333333333333,0.0,1.0,7.666666666666667
AS14.14,2014-05-01,6.0,t=501-503,0.02960758377425043,13.124,0.0,0,0.0,0.0,0.0,0,0,12.290666666666667,148.779,152.28900007406867,0.16666666666666666,0.5,1.0,7.333333333333333
AS14.14,2014-05-02,6.666666666666667,t=502-504,0.06101466324131658,7.235833333333335,0.0,0,0.0,0.0,89.7555,0,0,23.04133333333333,148.56766666666667,237.16900002956382,0.0,0.3333333333333333,0.75,6.611111111111112
AS14.14,2014-05-03,6.8,t=503-505,0.04336236220790888,4.865666666666666,0.0,0,0.0,0.0,59.836999999999996,0,0,39.01766666666666,189.15583333333333,273.74333341916395,0.0,0.3333333333333333,0.8333333333333334,6.5
AS14.14,2014-05-04,6.8,t=504-506,0.019903734014007354,61.08533333333333,0.0,0,0.0,0.0,40.486,0,0,55.397,347.05216666666666,493.6545001665752,0.0,0.2111111111111111,0.9166666666666666,6.622222222222223
AS14.14,2014-05-05,7.0,t=505-507,0.0037037037037037017,69.84566666666667,0.0,0,0.0,0.0,22.6125,0,0,57.926666666666655,307.8666666666667,456.51166701316833,0.0,0.12222222222222223,0.9,6.777777777777778
AS14.15,2014-03-17,6.4,t=506-508,0.0,47.3085,0.0,0,0.0,0.0,0.0,0,0,28.754499999999997,58.377833333333335,95.51333343982697,4.166666666666667,-0.125,0.4166666666666667,6.416666666666667
AS14.15,2014-03-18,7.2,t=507-509,0.0,20.724166666666665,0.0,0,0.0,0.0,0.0,0,0,0.0,10.060833333333333,27.850333333015442,5.666666666666667,-0.09722222222222221,0.19444444444444442,6.380555555555556
AS14.15,2014-03-19,7.4,t=508-510,0.059368572603866736,890.3735,2.5095,0,0.0,22.593,0.0,1,0,27.128,685.2831666666666,1607.5461666186657,6.333333333333333,0.08888888888888892,0.6555555555555556,6.761111111111112
AS14.15,2014-03-20,7.0,t=509-511,0.039579048402577824,593.5823333333334,1.673,0,0.0,15.062,0.0,1,0,18.085333333333335,456.48633333333333,1071.6588333050413,6.166666666666667,0.23333333333333336,1.0,7.166666666666667
AS14.15,2014-03-21,7.0,t=510-512,0.03467047658224129,720.4146666666667,0.8365,0,0.0,7.531,0.0,1,0,9.042666666666667,457.33650000000006,1189.079999804497,8.833333333333334,0.4333333333333333,1.0999999999999999,7.166666666666667
AS14.15,2014-03-22,7.0,t=511-513,0.04453262786596118,380.02566666666667,0.0,0,0.0,1.505,0.0,0,0,7.0584999999999996,633.1519999999999,845.5989998181661,7.333333333333333,0.3333333333333333,0.9333333333333335,7.066666666666666
AS14.15,2014-03-23,7.0,t=512-514,0.0635645758778345,246.53616666666667,0.0,0,0.0,1.0033333333333332,0.0,0,0,15.790666666666667,524.4889999999999,670.4393334388733,3.6666666666666665,-0.03333333333333336,0.9333333333333332,7.0
AS14.15,2014-03-24,7.0,t=513-515,0.10768749673369493,320.7323333333333,0.0,0,0.0,0.5016666666666666,0.0,0,0,14.793833333333334,260.0828333333333,537.4386668602627,0.8333333333333334,0.0,0.9666666666666667,7.0
AS14.15,2014-03-25,7.0,t=514-516,0.0601523775619501,206.76116666666667,0.0,0,0.0,10.732,0.0,0,0,11.085333333333333,181.88683333333336,410.54366668065387,0.0,0.5,0.9,7.0
AS14.15,2014-03-26,7.2,t=515-517,0.02630976178577378,544.9243333333334,0.0,0,0.0,7.1546666666666665,0.0,0,0,4.365666666666667,368.45233333333334,925.0058334668475,0.5,0.7666666666666667,0.9333333333333332,7.0
AS14.15,2014-03-27,7.0,t=516-518,0.11486270753512139,2228.426,0.0,0,0.0,3.5773333333333333,0.0,1,0,199.429,647.407,3010.3693331082663,5.333333333333333,1.133333333333333,0.8666666666666667,7.1000000000000005
AS14.15,2014-03-28,7.2,t=517-519,0.07633567475521502,1431.92,0.0,0,0.0,0.0,0.0,1,0,132.05866666666665,396.94883333333337,1890.588833252589,9.5,1.0999999999999999,0.9333333333333332,7.066666666666666
AS14.15,2014-03-29,7.0,t=518-520,0.058840388007054684,1161.4758333333332,0.0,0,0.0,0.0,0.0,1,0,69.53983333333333,478.8663333333334,1616.5053332646685,9.666666666666666,1.1666666666666667,0.9666666666666667,7.133333333333333
AS14.15,2014-03-30,7.4,t=519-521,0.17699735449735451,347.9706666666666,0.0,0,0.0,4.5195,24.8065,0,0,7.356333333333333,284.60650000000004,625.1429998477298,9.666666666666666,-0.03333333333333329,0.9,7.066666666666666
AS14.15,2014-03-31,7.2,t=520-522,0.2420998677248678,337.22066666666666,0.0,0,0.0,3.013,94.52716666666667,0,0,4.514166666666667,443.02500000000003,864.050666809082,7.166666666666667,-0.6000000000000001,0.9333333333333332,7.233333333333334
AS14.15,2014-04-01,7.2,t=521-523,0.13861772486772492,109.15866666666666,0.0,0,0.0,1.5065,60.261833333333335,0,0,1.672,216.87883333333332,389.3120001157126,12.833333333333334,-0.36666666666666664,0.9666666666666667,7.233333333333334
AS14.15,2014-04-02,7.2,t=522-524,0.17805886243386237,421.7385,0.0,0,0.0,0.0,25.9965,0,0,0.0,242.3955,563.3583334287009,9.666666666666666,0.2333333333333333,1.0,7.233333333333334
AS14.15,2014-04-03,7.2,t=523-525,0.18535052910052915,903.7108333333332,0.0,0,0.0,4.532,7.0605,0,0,4.0155,252.26783333333333,1087.2718333005903,8.833333333333334,0.6333333333333334,1.0,7.2
AS14.15,2014-04-04,7.2,t=524-526,0.1084656084656085,561.6505,0.0,0,0.0,3.021333333333333,4.707,0,0,2.677,152.15866666666668,682.0781666437782,4.5,0.6666666666666666,1.0,7.2
AS14.15,2014-04-05,7.8,t=525-527,0.11327080936455941,389.4336666666666,0.0,0,0.0,1.5106666666666666,120.452,0,0,1.3385,308.65200000000004,646.9510000546775,3.0,0.6333333333333333,1.0,7.2
AS14.15,2014-04-06,6.2,t=526-528,0.12353902839100207,113.229,0.0,0,0.0,0.0,78.73233333333333,0,0,0.0,183.76933333333332,259.4180001815162,3.0,0.7999999999999999,1.0,7.5
AS14.15,2014-04-07,6.8,t=527-529,0.07657214577444842,155.7295,0.0,0,0.0,0.0,39.366166666666665,0,0,0.0,206.68050000000002,343.6998334725694,4.666666666666667,0.3333333333333333,0.5,6.900000000000001
AS14.15,2014-04-08,6.8,t=528-530,0.07859848484848478,291.41766666666666,0.0,0,0.0,0.0,0.0,0,0,9.099,103.604,404.23933339118906,5.166666666666667,0.30000000000000004,0.3666666666666667,6.766666666666666
AS14.15,2014-04-09,7.0,t=529-531,0.036682615629984004,183.26566666666668,0.0,0,0.0,0.0,0.0,0,0,6.066,53.727000000000004,243.12766667207052,4.666666666666667,0.20000000000000004,0.4333333333333333,6.7
AS14.15,2014-04-10,7.2,t=530-532,0.022179027113237618,75.11366666666667,0.0,0,0.0,0.0,0.0,0,0,3.033,8.083666666666668,86.25166666507714,4.166666666666667,0.13333333333333333,0.7666666666666666,6.8999999999999995
AS14.15,2014-04-11,7.0,t=531-533,0.0068713450292397634,243.064,0.0,0,0.0,0.0,0.0,0,0,0.0,111.286,324.13350009918196,2.5,0.23333333333333336,0.9333333333333332,7.066666666666667
AS14.15,2014-04-12,7.4,t=532-534,0.021950710108604835,182.7681666666667,0.0,0,0.0,0.0,213.888,0,0,5.5385,231.42066666666665,613.5784999926885,1.5,0.3333333333333333,0.9,7.066666666666666
AS14.15,2014-04-13,7.0,t=533-535,0.06176965852130325,678.6233333333333,207.2885,0,0.0,0.0,142.592,0,0,3.6923333333333335,433.14283333333333,1455.3839997847874,3.5,0.7000000000000001,0.9333333333333332,7.233333333333334
AS14.15,2014-04-14,7.0,t=534-536,0.03831845238095237,396.0985,138.19233333333332,0,0.0,0.0,71.296,0,0,1.8461666666666667,246.5616666666667,854.0608331759771,13.666666666666666,1.4000000000000001,0.9666666666666667,7.133333333333333
AS14.15,2014-04-15,7.0,t=535-537,0.058621307319223985,1188.1870000000001,69.09616666666666,0,0.0,79.00549999999998,54.615500000000004,1,0,3.0080000000000005,377.6033333333333,1808.883166670799,9.166666666666666,1.3333333333333333,1.0,7.066666666666666
AS14.15,2014-04-16,7.0,t=536-538,0.028292181069958847,662.3946666666667,0.0,0,0.0,52.670333333333325,36.410333333333334,1,0,2.005333333333333,187.01833333333332,965.4006667137145,4.666666666666667,0.5666666666666667,1.0,7.0
AS14.15,2014-04-17,6.4,t=537-539,0.07609632201646088,1211.8203333333333,0.0,0,0.0,26.335166666666662,18.205166666666667,1,0,31.205166666666667,787.8366666666667,1888.401333093643,0.5,0.20000000000000004,1.0,7.0
AS14.15,2014-04-18,6.0,t=538-540,0.08687307098765425,1309.9460000000001,0.0,0,0.0,5.019,31.679999999999996,0,0,76.96000000000001,1036.4840000000002,2106.9609997272487,1.1666666666666667,0.03333333333333333,0.5,6.7
AS14.15,2014-04-19,7.0,t=539-541,0.1812888913779369,957.4428333333334,182.052,0,0.0,166.45100000000002,21.12,1,0,52.97533333333334,742.0918333333334,1960.8761662642162,0.6666666666666666,-0.1666666666666667,0.16666666666666666,6.3
AS14.15,2014-04-20,7.0,t=540-542,0.11765388540422132,369.81700000000006,121.368,0,0.0,110.40966666666668,10.56,1,0,404.6263333333334,440.85666666666674,1091.1279998620348,0.3333333333333333,-0.23333333333333336,0.4000000000000001,6.566666666666666
AS14.15,2014-04-21,7.2,t=541-543,0.05383562325766622,65.68683333333334,60.684,0,0.0,54.36833333333334,0.0,1,0,256.56483333333335,152.18800000000002,388.29883329073573,0.0,-0.13333333333333333,0.7666666666666666,6.833333333333333
AS14.15,2014-04-22,7.0,t=542-544,0.020833333333333332,894.5798333333333,0.0,0,0.0,81.191,85.36200000000001,0,0,914.4074999999999,189.5755,1364.4889999230697,0.0,-0.13333333333333333,0.9666666666666667,7.1000000000000005
AS14.15,2014-04-23,7.0,t=543-545,0.010416666666666666,594.7123333333333,0.0,0,0.0,54.12733333333333,56.907999999999994,0,0,524.6416666666667,89.90433333333333,859.3846666018165,1.5,-0.06666666666666667,1.0,7.066666666666666
AS14.15,2014-04-24,7.0,t=544-546,0.1458333333333333,413.35166666666663,0.0,0,0.0,41.18516666666667,28.453999999999997,0,0,282.9348333333333,128.62266666666667,664.1118331750232,2.0,0.4666666666666666,1.0,7.033333333333334
AS14.15,2014-04-25,7.0,t=545-547,0.12499999999999996,320.6193333333333,19.5905,0,0.0,9.414333333333333,6.041,0,0,141.69766666666666,288.4798333333334,785.9386667410537,7.166666666666667,1.2333333333333334,1.0,7.0
AS14.15,2014-04-26,6.2,t=546-548,0.06770833333333331,209.40733333333333,13.060333333333332,0,0.0,4.707166666666667,4.027333333333334,0,0,92.17466666666667,240.56966666666668,533.9220000902815,9.833333333333334,1.2666666666666666,1.0,7.0
AS14.15,2014-04-27,7.0,t=547-549,0.017361111111111115,205.16499999999996,6.530166666666666,0,0.0,0.0,2.013666666666667,0,0,84.92866666666667,218.97933333333336,403.2961669365564,7.166666666666667,0.5333333333333333,0.5,6.6000000000000005
AS14.15,2014-04-28,7.0,t=548-550,0.07928240740740748,1599.4095,0.0,0,0.0,0.0,0.0,0,0,32.719166666666666,242.12866666666665,1376.010833621025,4.333333333333333,0.47500000000000003,0.4666666666666666,6.733333333333333
AS14.15,2014-04-29,7.0,t=549-551,0.08708333333333339,2656.0635,0.0,1,0.0,0.0,0.0,0,0,31.196833333333334,369.37416666666667,1855.9698334932325,1.5,0.7166666666666667,0.4000000000000001,6.866666666666667
AS14.15,2014-04-30,6.0,t=550-552,0.06821759259259262,1847.5868333333335,0.0,1,0.0,0.0,0.0,0,0,10.899166666666666,213.67116666666664,1088.2370000680287,1.0,0.9583333333333334,0.39999999999999997,7.0
AS14.15,2014-05-01,6.6,t=551-553,0.09318181818181799,716.1538333333333,0.0,1,0.0,0.0,0.0,0,0,107.73533333333334,142.99249999999998,437.00316671530396,0.8333333333333334,1.2,-0.022222222222222254,6.5
AS14.15,2014-05-02,7.0,t=552-554,0.05212121212121199,90.60316666666667,0.0,0,0.0,0.0,0.0,0,0,68.69433333333333,72.7285,103.55950005849206,0.5,0.5333333333333333,-0.07777777777777779,6.466666666666666
AS14.15,2014-05-03,6.8,t=553-555,0.022727272727272665,0.0,0.0,0,0.0,0.0,0.0,0,0,34.347166666666666,40.092166666666664,52.15583336353304,1.6666666666666667,0.26666666666666666,0.18333333333333335,6.7
AS14.15,2014-05-04,7.0,t=554-556,0.03571428571428575,156.1145,0.0,0,0.0,0.0,7.0575,0,0,7.5345,131.69,302.45800010363297,3.0,0.13333333333333333,0.26666666666666666,6.833333333333333
AS14.15,2014-05-05,7.0,t=555-557,0.023809523809523832,104.07633333333332,0.0,0,0.0,0.0,4.705,0,0,5.023000000000001,81.165,195.00900006294273,2.3333333333333335,0.0,0.44999999999999996,6.933333333333334
AS14.15,2014-05-06,7.0,t=556-558,0.011904761904761916,52.03816666666666,0.0,0,0.0,0.0,2.3525,0,0,2.5115000000000003,127.6245,183.56049990654,7.0,0.4666666666666666,0.6083333333333333,6.966666666666666
AS14.15,2014-05-07,7.0,t=557-559,0.17184265010351965,577.3805,336.04,0,0.0,0.0,27.683000000000003,1,0,0.0,376.41200000000003,886.6386665900545,5.666666666666667,0.7999999999999999,0.725,7.0
AS14.15,2014-05-08,7.0,t=558-560,0.11456176673567976,384.9203333333333,224.02666666666667,0,0.0,0.0,18.455333333333332,1,0,0.0,241.27,581.5306666294732,3.0,0.5,0.6749999999999999,7.0
AS14.16,2014-03-16,6.6,t=559-561,0.0,99.67649999999999,32.9065,1,0.0,0.0,51.69899999999999,0,0,14.7005,77.56816666666667,292.7173333565392,3.1666666666666665,-0.016666666666666646,0.9,7.0
AS14.16,2014-03-17,7.2,t=560-562,0.0,105.802,21.93766666666667,1,0.0,0.0,34.466,0,0,27.261666666666667,138.47766666666666,352.0098333358764,2.8333333333333335,-0.3333333333333334,0.6416666666666667,6.666666666666667
AS14.16,2014-03-18,6.6,t=561-563,0.030357142857142874,279.7035,10.968833333333334,1,0.0,0.0,125.3845,0,0,21.924666666666667,107.51316666666666,559.7106664180754,1.3333333333333333,-0.5,0.6,6.866666666666667
AS14.16,2014-03-19,6.4,t=562-564,0.047194050201295225,397.21849999999995,48.2755,1,0.0,0.0,72.101,0,0,16.91,141.78483333333335,692.0385002295178,3.0,-0.1333333333333333,0.5833333333333334,6.8
AS14.16,2014-03-20,5.666666666666667,t=563-565,0.030903537075033755,227.28083333333333,40.84966666666667,1,0.0,0.0,36.0505,0,0,17.28483333333333,87.45333333333333,394.33266691366845,1.6666666666666667,0.03333333333333335,0.6,6.6000000000000005
AS14.16,2014-03-21,6.8,t=564-566,0.03278033346495184,126.28083333333332,29.543166666666668,1,0.0,0.0,34.951,0,0,14.248833333333332,204.34066666666664,346.24900003274297,3.8333333333333335,0.39999999999999997,0.4666666666666666,6.066666666666666
AS14.16,2014-03-22,6.5,t=565-567,0.045830873577596985,94.73016666666668,10.525166666666669,0,0.0,0.0,85.90066666666667,0,0,7.038999999999999,165.14216666666667,284.5159998734791,3.0,0.7222222222222222,0.7111111111111111,6.355555555555555
AS14.16,2014-03-23,7.0,t=566-568,0.06087836434936871,152.4846666666667,50.95933333333334,0,0.0,0.0,61.089666666666666,0,0,6.710000000000001,132.22816666666665,741.7096665302911,4.166666666666667,0.6944444444444443,0.763888888888889,6.461111111111111
AS14.16,2014-03-24,6.4,t=567-569,0.06657638815388546,186.13933333333333,122.61599999999999,1,0.0,0.0,121.661,0,0,14.921,133.196,795.945833444595,6.5,0.3333333333333333,0.9166666666666666,6.8
AS14.16,2014-03-25,6.0,t=568-570,0.08760230094976261,211.14783333333332,75.99266666666666,1,0.0,0.0,107.17849999999999,0,0,14.595999999999998,146.3443333333333,664.2593335707983,3.8333333333333335,0.08333333333333333,0.8583333333333334,6.616666666666667
AS14.16,2014-03-26,5.6,t=569-571,0.0907628048053196,291.117,55.525,1,0.0,0.0,139.61633333333333,0,0,17.85683333333333,208.56166666666664,780.7848334312438,2.0,0.3,0.7333333333333334,6.3
AS14.16,2014-03-27,6.0,t=570-572,0.09225338992695369,301.2785,46.969500000000004,1,0.0,0.0,177.9958333333333,0,0,8.7565,149.10433333333333,1677.2726667324707,0.8333333333333334,0.3,0.4583333333333333,5.866666666666666
AS14.16,2014-03-28,6.5,t=571-573,0.19228572237082295,155.78983333333335,1699.8231666666668,1,0.0,0.0,100.64366666666666,0,0,3.5101666666666667,103.33683333333333,1807.8825000127179,8.5,0.16666666666666666,0.30833333333333335,5.866666666666667
AS14.16,2014-03-29,6.0,t=572-574,0.1572051141907154,246.45366666666666,1124.2461666666668,1,0.0,0.0,36.904333333333334,0,0,0.0,95.57583333333332,1211.8891665935528,5.5,-0.3416666666666666,0.5,6.183333333333334
AS14.16,2014-03-30,5.4,t=573-575,0.20459168576284092,210.22333333333333,557.1076666666667,1,0.0,0.0,46.980999999999995,0,0,4.0285,118.13633333333333,643.7729998826986,4.666666666666667,-0.5,0.5416666666666666,6.166666666666667
AS14.16,2014-03-31,6.0,t=574-576,0.12511297424956577,168.25,740.0465,1,0.0,0.0,31.320666666666664,0,0,11.236166666666668,152.44883333333334,654.5170002778368,3.3333333333333335,-0.09166666666666663,0.7916666666666666,5.783333333333334
AS14.16,2014-04-01,5.8,t=575-577,0.1270320131070781,85.85949999999998,493.3643333333334,1,0.0,0.0,15.660333333333332,0,0,11.119666666666667,87.10833333333333,392.77716684341425,7.0,-0.075,0.5833333333333334,5.8
AS14.16,2014-04-02,6.4,t=576-578,0.21042206093754046,131.8735,246.6821666666667,0,0.0,0.0,24.169,1,0,5.567833333333333,82.57600000000001,905.1386667092655,4.5,-0.2166666666666667,0.5777777777777777,5.8
AS14.16,2014-04-03,6.25,t=577-579,0.14217363502191027,126.68900000000001,0.0,0,0.0,0.0,16.475166666666667,1,0,1.3588333333333333,49.67483333333333,4825.748166680339,4.0,-0.275,0.7555555555555555,6.133333333333334
AS14.16,2014-04-04,6.2,t=578-580,0.06857853167898793,212.33033333333333,0.507,0,0.0,0.0,28.9765,1,0,8.5775,46.806999999999995,3196.511166691782,1.5,-0.3833333333333333,0.6,6.2250000000000005
AS14.16,2014-04-05,7.0,t=579-581,0.08123470731114742,954.041,1108.4475,1,0.0,0.0,164.8455,1,0,19.261333333333333,357.87850000000003,3956.7476668357863,4.666666666666667,-0.3,0.6777777777777777,6.25
AS14.16,2014-04-06,6.75,t=580-582,0.09382830841187502,728.043,809.9211666666666,1,0.0,0.0,117.56983333333334,1,0,19.42383333333333,282.50333333333333,1770.799000104269,3.1666666666666665,-0.15,0.8222222222222223,6.608333333333333
AS14.16,2014-04-07,7.0,t=581-583,0.15311357544907103,612.5480000000001,489.06950000000006,1,0.0,0.0,118.94766666666665,1,1,13.569333333333333,367.25833333333327,1693.6169998645782,1.6666666666666667,-0.3666666666666667,0.9666666666666667,6.741666666666667
AS14.16,2014-04-08,6.4,t=582-584,0.12441581124517631,412.3875,97.5585,1,0.0,0.0,104.62816666666667,0,1,5.199333333333333,274.952,1676.0123333136216,0.6666666666666666,-0.32222222222222224,1.0,6.916666666666667
AS14.16,2014-04-09,7.2,t=583-585,0.08206694940578772,220.22283333333334,41.21866666666667,1,0.0,0.0,60.637,0,1,1.3436666666666666,152.34566666666666,1009.280500054358,4.833333333333333,0.07222222222222223,0.8333333333333334,6.658333333333334
AS14.16,2014-04-10,6.6,t=584-586,0.14778005963021687,72.551,8.549666666666667,1,0.0,0.0,19.996166666666667,0,0,0.0,73.72133333333333,1967.2371667226162,3.6666666666666665,-0.11666666666666665,0.8888888888888888,6.900000000000001
AS14.16,2014-04-11,7.0,t=585-587,0.1513959924063131,168.6158333333333,56.52599999999999,1,81.4915,0.0,111.1775,0,0,7.566,102.42900000000002,1609.9445001681654,3.8333333333333335,0.01666666666666668,0.9444444444444443,6.766666666666666
AS14.16,2014-04-12,7.0,t=586-588,0.10294247102908576,322.56916666666666,37.684,1,54.327666666666666,0.0,128.96433333333331,0,0,7.550999999999999,113.49133333333333,1074.6171665986383,1.5,0.48333333333333334,1.0,6.8999999999999995
AS14.16,2014-04-13,6.4,t=587-589,0.034755987515555524,195.63716666666667,18.842,1,27.163833333333333,0.0,73.62316666666666,0,0,4.193333333333333,69.17716666666666,310.9624999364217,2.6666666666666665,0.9916666666666667,1.0,6.933333333333334
AS14.16,2014-04-14,7.0,t=588-590,0.029322879962414856,71.72633333333333,0.0,0,0.0,0.0,41.4435,0,0,3.8616666666666664,51.5735,122.45133332411449,2.8333333333333335,0.5833333333333334,0.75,6.7
AS14.16,2014-04-15,6.6,t=589-591,0.03222327441077442,41.98783333333334,0.0,0,0.0,0.0,18.295,0,0,2.017333333333333,108.1795,141.89733350276944,3.6666666666666665,0.6083333333333334,0.8333333333333334,6.8
AS14.16,2014-04-16,7.25,t=590-592,0.04395693041526375,54.398666666666664,0.0,0,0.0,0.0,27.206166666666665,0,0,1.0086666666666666,127.74450000000002,88.266166806221,3.3333333333333335,0.5666666666666667,0.6666666666666666,6.699999999999999
AS14.16,2014-04-17,7.0,t=591-593,0.09134557568228176,190.2255,0.0,0,0.0,0.0,57.934333333333335,0,0,6.065,211.62333333333333,387.8310004472733,4.666666666666667,0.9583333333333334,0.8333333333333334,6.991666666666667
AS14.16,2014-04-18,6.8,t=592-594,0.12754793933245553,191.9221666666667,0.0,1,0.0,0.0,43.1045,0,0,10.642833333333334,195.90200000000002,458.6858335336049,4.0,0.2166666666666667,0.9166666666666666,7.016666666666667
AS14.16,2014-04-19,7.2,t=593-595,0.07667855685829353,393.01700000000005,559.071,1,0.0,0.0,113.53449999999998,0,0,6.421333333333333,223.8605,1330.7458329598119,4.0,0.00833333333333334,1.0,6.941666666666666
AS14.16,2014-04-20,7.0,t=594-596,0.11968146384311562,218.13783333333336,372.714,1,0.0,0.0,64.84616666666666,0,0,2.1998333333333333,108.644,784.0214996735261,3.3333333333333335,0.7000000000000002,1.0,7.033333333333334
AS14.16,2014-04-21,7.25,t=595-597,0.06297516435022985,96.20800000000001,186.357,0,0.0,0.0,31.244833333333332,0,0,0.0,40.87233333333334,354.86833318074576,2.1666666666666665,1.2,1.0,7.033333333333334
AS14.16,2014-04-22,6.6,t=596-598,0.035274990709773316,240.643,31.2625,0,0.0,0.0,16.66,0,0,7.046499999999999,181.8465,369.62849986553186,0.8333333333333334,1.211111111111111,1.0,7.158333333333334
AS14.16,2014-04-23,7.25,t=597-599,0.0305377462219107,531.0276666666667,123.05566666666665,0,0.0,0.0,61.461666666666666,0,0,4.697666666666667,205.261,700.814499378204,0.6666666666666666,0.9555555555555556,0.9,6.883333333333333
AS14.16,2014-04-24,5.4,t=598-600,0.06085461352086807,741.0748333333335,78.56349999999999,1,0.0,0.0,48.135333333333335,0,1,6.866333333333333,274.7055,1075.5123328765233,2.8333333333333335,0.8083333333333332,0.9333333333333332,7.033333333333334
AS14.16,2014-04-25,7.2,t=599-601,0.04336090644675111,526.6015000000001,206.6003333333333,1,0.0,0.0,22.792999999999996,0,1,3.0116666666666667,168.8425,1179.2351664702098,3.8333333333333335,0.28333333333333327,0.36666666666666664,6.216666666666668
AS14.16,2014-04-26,6.75,t=600-602,0.060859682734682674,232.27666666666667,115.01933333333334,1,0.0,0.0,14.229500000000002,0,1,1.5058333333333334,167.803,779.8749998410545,11.666666666666666,0.35833333333333334,0.6,6.608333333333334
AS14.16,2014-04-27,7.2,t=601-603,0.20815295815295812,73.54583333333333,57.50966666666667,0,0.0,0.0,7.483666666666667,0,0,2.523,73.25983333333333,337.2881665627163,8.5,0.4166666666666667,0.7999999999999999,6.675
AS14.16,2014-04-28,8.0,t=602-604,0.19339161744053043,113.548,0.0,0,0.0,0.0,3.7418333333333336,0,0,1.6820000000000002,71.17183333333334,208.46516640981054,5.166666666666667,0.16666666666666666,1.0,7.05
AS14.16,2014-04-29,7.0,t=603-605,0.19378840513351378,78.65416666666665,0.0,0,0.0,0.0,84.057,0,0,0.8410000000000001,39.64116666666666,203.50633331139875,5.666666666666667,0.5166666666666667,1.0,7.5249999999999995
AS14.16,2014-04-30,7.0,t=604-606,0.10095616340181553,396.992,210.2505,1,0.0,0.0,88.1465,0,0,3.5110000000000006,255.31483333333333,757.3278334935503,8.833333333333334,0.05000000000000001,1.0,7.366666666666667
AS14.16,2014-05-01,7.0,t=605-607,0.06315793934404547,458.91633333333334,163.095,1,0.0,0.0,49.42466666666667,0,0,4.852166666666666,172.72933333333333,831.7775003512701,6.666666666666667,0.20000000000000004,1.0,7.166666666666667
AS14.16,2014-05-02,8.0,t=606-608,0.07143653666567988,273.70233333333334,85.36883333333333,1,0.0,0.0,10.702833333333336,0,0,2.8446666666666665,139.56833333333333,522.623666882515,7.333333333333333,0.05000000000000001,1.0,7.0
AS14.16,2014-05-03,8.0,t=607-609,0.09176668625214485,281.9725,54.82966666666666,0,0.0,0.0,69.57249999999999,1,0,0.8371666666666666,121.45716666666665,629.3816671768826,4.5,1.0666666666666667,1.0,7.5
AS14.16,2014-05-04,7.0,t=608-610,0.06396761210169577,453.9003333333333,564.83,0,0.0,0.0,311.65866666666665,1,0,0.0,301.62266666666665,1585.286833445232,2.6666666666666665,1.6666666666666667,1.0,7.833333333333333
AS14.16,2014-05-05,7.333333333333333,t=609-611,0.0736257755139979,405.37550000000005,371.31033333333335,1,0.0,0.0,288.32166666666666,1,0,13.0935,543.8391666666668,1337.3118334213896,0.6666666666666666,1.0,1.0,7.5
AS14.17,2014-03-07,7.5,t=610-612,0.0,0.0,0.0,0,0.0,0.0,0.0,0,0,0.0,0.0,0.0,2.0,0.5555555555555555,1.1527777777777777,7.458333333333333
AS14.17,2014-03-08,7.6,t=611-613,0.0,0.0,0.0,0,0.0,0.0,0.0,0,0,0.0,0.0,0.0,0.6666666666666666,0.6527777777777778,0.9722222222222222,7.5
AS14.17,2014-03-09,7.2,t=612-614,0.0,0.0,0.0,0,0.0,0.0,0.0,0,0,0.0,0.0,0.0,0.16666666666666666,0.5333333333333333,0.8583333333333334,7.508333333333333
AS14.17,2014-03-10,7.333333333333333,t=613-615,0.0,0.0,0.0,0,0.0,0.0,0.0,0,0,0.0,0.0,0.0,2.5,0.6583333333333333,0.9333333333333332,7.383333333333333
AS14.17,2014-03-11,6.2,t=614-616,0.0,0.0,0.0,0,0.0,0.0,0.0,0,0,0.0,0.0,0.0,1.6666666666666667,0.6666666666666666,0.7999999999999999,7.333333333333333
AS14.17,2014-03-12,6.4,t=615-617,0.0,0.0,0.0,0,0.0,0.0,0.0,0,0,0.0,0.0,0.0,0.8333333333333334,0.35555555555555557,0.5888888888888889,6.7444444444444445
AS14.17,2014-03-13,7.25,t=616-618,0.0,0.0,0.0,0,0.0,0.0,0.0,0,0,0.0,0.0,0.0,0.0,0.2111111111111111,0.3444444444444445,6.48888888888889
AS14.17,2014-03-14,8.0,t=617-619,0.0,0.0,0.0,0,0.0,0.0,0.0,0,0,0.0,0.0,0.0,1.0,0.44166666666666665,0.5083333333333333,6.791666666666667
AS14.17,2014-03-15,8.0,t=618-620,0.0,0.0,0.0,0,0.0,0.0,0.0,0,0,0.0,0.0,0.0,0.6666666666666666,0.7833333333333333,0.7833333333333333,7.483333333333333
AS14.17,2014-03-16,8.0,t=619-621,0.0,0.0,0.0,0,0.0,0.0,0.0,0,0,0.0,0.0,0.0,0.8333333333333334,0.9583333333333334,0.9583333333333334,7.875
AS14.17,2014-03-17,8.0,t=620-622,0.0,0.0,0.0,0,0.0,0.0,0.0,0,0,0.0,0.0,0.0,0.8333333333333334,1.0,1.0,8.0
AS14.17,2014-03-18,8.0,t=621-623,0.0,0.0,0.0,0,0.0,0.0,0.0,0,0,0.0,0.0,0.0,1.0,1.0,1.0,8.0
AS14.17,2014-03-19,8.0,t=622-624,0.0,0.0,0.0,0,0.0,0.0,0.0,0,0,0.0,0.0,0.0,5.5,1.0,1.0,8.0
AS14.17,2014-03-20,8.0,t=623-625,0.0,0.0,0.0,0,0.0,0.0,0.0,0,0,0.0,0.0,0.0,4.5,1.0,1.0,8.0
AS14.17,2014-03-21,7.4,t=624-626,0.02115144188922853,228.1155,124.952,0,0.0,0.0,468.76849999999996,0,0,55.7425,66.312,815.3639998435975,2.3333333333333335,1.0,1.0,8.0
AS14.17,2014-03-22,7.4,t=625-627,0.09808817548671438,3638.155,781.2183333333334,0,0.0,24.602999999999998,1126.4753333333335,0,0,59.74266666666667,9690.219000000001,3157.832999626793,0.3333333333333333,0.9,1.0,7.7
AS14.17,2014-03-23,7.4,t=626-628,0.15942675055822084,7387.661,1340.2076666666667,0,0.0,16.401999999999997,1376.8421666666666,1,0,105.47733333333333,7457.270500000001,5003.986000140504,0.0,0.6333333333333334,0.9,7.5
AS14.17,2014-03-24,7.0,t=627-629,0.12729861821060626,5892.002,1860.962833333333,0,0.0,8.200999999999999,1500.4046666666666,1,0,73.015,5084.964666666667,5601.288666526475,0.5,0.6666666666666666,0.8333333333333334,7.400000000000001
AS14.17,2014-03-25,7.5,t=628-630,0.14019686770552928,3811.022333333333,1353.9486666666667,0,0.0,0.0,1381.5959999999998,1,0,53.77316666666667,1600.6976666666667,8798.265833298368,2.3333333333333335,0.6666666666666666,0.7333333333333334,7.2
AS14.17,2014-03-26,7.2,t=629-631,0.0991630307394109,1920.7578333333333,1494.0843333333335,0,0.0,134.661,1371.036,1,0,31.479000000000003,780.1746666666667,6646.159833073619,1.5,0.6055555555555555,0.8555555555555555,7.316666666666666
AS14.17,2014-03-27,7.2,t=630-632,0.08317756111995497,1687.1414999999997,2252.566666666667,0,0.0,89.774,1405.0843333333335,1,0,71.52516666666666,546.7068333333333,6698.239667296414,1.6666666666666667,0.37777777777777777,0.8444444444444444,7.266666666666667
AS14.17,2014-03-28,7.2,t=631-633,0.07849939439113379,3228.9156666666663,2340.152833333333,0,0.0,44.887,1468.9733333333334,1,0,64.76233333333333,585.1981666666667,5855.459167798363,0.6666666666666666,0.35000000000000003,0.7333333333333334,7.25
AS14.17,2014-03-29,6.8,t=632-634,0.167152320457065,3886.2735,1585.9786666666666,0,0.0,15.0605,1325.7386666666669,1,0,135.971,524.612,7836.755501111346,0.8333333333333334,0.4666666666666666,0.8333333333333334,7.2
AS14.17,2014-03-30,8.0,t=633-635,0.20342857914952692,2832.4131666666667,1443.2413333333334,1,0.0,10.040333333333333,1903.7666666666667,1,0,98.166,532.0635000000001,6985.574668010074,4.833333333333333,0.5666666666666667,0.7333333333333334,7.0
AS14.17,2014-03-31,7.25,t=634-636,0.11576887689258906,1279.3203333333333,691.9496666666668,1,0.0,5.020166666666666,1094.1731666666667,1,0,65.22766666666666,316.33033333333333,3781.6790005365997,3.1666666666666665,0.7999999999999999,0.8666666666666667,7.466666666666666
AS14.17,2014-04-01,7.4,t=635-637,0.08665217294122242,1097.6891666666668,746.0990000000002,1,0.0,0.0,1844.777,1,0,308.91499999999996,457.0248333333334,4072.1201675335556,1.5,0.6833333333333332,0.9333333333333332,7.425
AS14.17,2014-04-02,7.5,t=636-638,0.10743910223440384,2575.3768333333333,1366.2626666666665,0,0.0,394.865,1498.6398333333334,1,0,348.62283333333335,763.5401666666667,4864.017000953357,3.0,0.6333333333333333,1.0,7.45
AS14.17,2014-04-03,7.2,t=637-639,0.1103448050629997,1991.4358333333337,1718.0983333333334,0,0.0,346.64033333333333,1562.494,1,0,290.53000000000003,1060.283,6553.625833710033,2.5,0.4083333333333334,0.875,7.425
AS14.17,2014-04-04,7.0,t=638-640,0.11662333596652534,2125.1785,2077.0186666666664,0,0.0,205.34116666666668,1397.0325,1,0,226.08466666666664,1297.5195,7155.764667232829,2.3333333333333335,0.2833333333333334,0.9166666666666666,7.333333333333333
AS14.17,2014-04-05,7.0,t=639-641,0.13634859678612288,1281.5494999999999,2002.1861666666666,0,0.0,73.4095,1303.2123333333334,1,0,129.25,813.837,6006.724834521609,1.8333333333333333,-0.19166666666666665,0.8583333333333334,7.1499999999999995
AS14.17,2014-04-06,7.25,t=640-642,0.16854914340971797,1541.0501666666667,1405.097,0,0.0,28.3935,825.6028333333334,1,0,74.34066666666668,450.7461666666666,4891.950001160303,4.0,-0.06666666666666665,0.9333333333333332,7.033333333333334
AS14.17,2014-04-07,7.0,t=641-643,0.10812996519340191,1058.3803333333333,1487.1786666666667,0,0.0,11.176499999999999,594.3073333333333,1,0,72.46483333333333,199.36400000000003,4055.1865003108983,2.8333333333333335,0.09166666666666667,1.0916666666666666,7.125
AS14.17,2014-04-08,7.0,t=642-644,0.06831907581162353,993.4331666666667,1320.0763333333332,0,0.0,0.0,861.2963333333333,1,0,52.56583333333333,173.34683333333336,6288.415500203769,1.3333333333333333,0.6166666666666667,1.0833333333333333,7.083333333333333
AS14.17,2014-04-09,7.0,t=643-645,0.03551387840400374,1945.1811666666665,1878.5413333333333,0,0.0,452.509,1196.7466666666667,1,0,152.22883333333334,1317.9323333333334,8808.055999795597,2.1666666666666665,0.5750000000000001,1.0416666666666667,7.041666666666667
AS14.17,2014-04-10,6.75,t=644-646,0.07147076645275328,2027.3144999999997,3164.500833333333,0,0.0,490.77366666666666,1076.334,1,0,134.81366666666668,1139.4991666666667,8330.962999701502,1.3333333333333333,0.425,1.0,7.0
AS14.17,2014-04-11,7.2,t=645-647,0.09114165156065739,2768.5205,3107.4081666666666,0,0.0,302.5296666666667,1470.1303333333333,1,0,166.27700000000002,888.8863333333334,8067.914499719941,0.6666666666666666,0.65,1.0,6.875
AS14.17,2014-04-12,7.2,t=646-648,0.1554833582628576,1660.2793333333332,2041.8393333333333,0,0.0,80.11766666666666,1498.6565,1,0,97.13483333333333,850.7955000000001,5658.669999917351,0.0,0.5750000000000001,1.0,7.016666666666667
AS14.17,2014-04-13,7.2,t=647-649,0.168896798274669,1289.093,1581.0543333333333,0,0.0,8.542,1350.309,1,0,63.78766666666667,1033.9583333333333,4920.611166357997,0.0,0.5,1.0,7.125
AS14.17,2014-04-14,7.0,t=648-650,0.12771201847887312,1151.9525,2281.647333333333,0,0.0,0.0,1892.5580000000002,1,0,47.14366666666666,876.3915000000001,6141.8663330078125,0.0,0.10000000000000002,1.0,7.2
AS14.17,2014-04-15,7.0,t=649-651,0.09543737590516492,840.2585,1321.5326666666667,0,0.0,74.425,1200.8026666666667,1,0,49.592333333333336,625.7451666666667,4236.459166208903,0.5,0.4000000000000001,1.0,7.1000000000000005
AS14.17,2014-04-16,7.2,t=650-652,0.09210025836196727,3630.739666666667,1438.8206666666665,0,0.0,56.17966666666666,1288.7801666666667,1,0,451.88716666666664,793.7988333333333,5935.44899956385,0.8333333333333334,0.4333333333333334,1.0,7.033333333333334
AS14.17,2014-04-17,7.0,t=651-653,0.10395157385989752,4021.875,993.9531666666668,0,0.0,56.81216666666668,1067.1218333333334,1,0,315.7471666666667,790.7451666666666,6056.852834423379,2.0,0.6666666666666666,1.0,7.1000000000000005
AS14.17,2014-04-18,7.0,t=652-654,0.11223954435306654,3102.161,1182.074,0,0.0,20.60666666666667,1338.2006666666666,1,0,179.516,602.0675,5637.1475006739265,2.1666666666666665,0.5333333333333333,1.0,7.066666666666666
AS14.17,2014-04-19,7.0,t=653-655,0.15155658134917946,1821.7983333333334,1552.9506666666666,0,0.0,9.2095,694.7489999999999,1,0,38.958,318.8838333333333,4300.199333548546,1.6666666666666667,0.7666666666666666,1.0,7.033333333333334
AS14.17,2014-04-20,7.2,t=654-656,0.165829653294892,1217.6948333333332,881.4721666666666,0,0.0,0.0,399.3378333333333,0,0,40.14733333333333,138.91316666666668,2607.164667248726,0.6666666666666666,0.9,1.0,7.0
AS14.17,2014-04-21,7.4,t=655-657,0.14775482844124724,2473.272,1487.1205,0,0.0,128.1485,1283.1218333333334,1,0,41.58983333333333,250.5245,6034.947500546769,0.16666666666666666,0.7000000000000001,1.0,7.1000000000000005
AS14.17,2014-04-22,6.6,t=656-658,0.11235984023607896,3125.2033333333334,942.1448333333334,0,0.0,85.43233333333335,1029.6683333333333,1,0,52.468999999999994,211.89933333333332,4682.181500434873,0.5,0.5,1.0,7.266666666666667
AS14.17,2014-04-23,7.25,t=657-659,0.07490375777993437,4228.4435,1514.26,0,0.0,42.71616666666667,1305.9776666666667,1,0,50.98499999999999,304.717,6636.839000384011,1.3333333333333333,0.5,1.0,6.966666666666666
AS14.17,2014-04-24,7.2,t=658-660,0.06749118877405395,4016.352666666667,1867.3853333333336,0,0.0,15.564,1184.4778333333334,1,0,48.663333333333334,490.7615,8185.789000630381,1.3333333333333333,0.7666666666666666,1.0,7.058333333333334
AS14.17,2014-04-25,7.2,t=659-661,0.08729110206244706,3050.5013333333336,1746.1913333333334,0,1281.4535,10.376,1661.9553333333333,1,0,43.272,7852.667666666667,8904.76050082843,1.1666666666666667,0.9333333333333332,1.0,7.116666666666667
AS14.17,2014-04-26,8.0,t=660-662,0.15040906290532383,3467.403333333333,1560.5131666666666,0,854.3023333333334,181.3465,1034.5403333333334,1,0,81.669,5581.479666666667,6439.844166795415,3.0,0.7000000000000001,1.0,7.208333333333333
AS14.17,2014-04-27,7.2,t=661-663,0.1796087643268466,3140.5431666666664,716.033,0,427.1511666666667,117.43900000000001,507.52383333333336,1,0,74.88733333333333,3163.1235,3624.6633322238936,2.3333333333333335,0.7999999999999999,1.0,7.6000000000000005
AS14.17,2014-04-28,6.75,t=662-664,0.15063011581655358,3268.7376666666664,681.2163333333334,0,0.0,58.719500000000004,1167.594,1,0,55.733,7190.6105,3763.402332345644,2.1666666666666665,0.9,1.0,7.466666666666666
AS14.17,2014-04-29,7.0,t=663-665,0.11610493878614259,2698.570333333333,960.9060000000001,0,0.0,129.576,1119.3816666666667,1,0,42.98749999999999,4827.495833333333,4574.632665872573,0.8333333333333334,0.875,0.6666666666666666,7.108333333333333
AS14.17,2014-04-30,7.0,t=664-666,0.10581359794685208,2356.5395000000003,1396.7561666666668,0,0.0,86.384,1144.9044999999999,1,0,38.37316666666666,2611.9239999999995,5271.445498943328,0.3333333333333333,0.8166666666666668,0.7777777777777777,6.95
AS14.17,2014-05-01,8.0,t=665-667,0.1153580327527768,2721.796666666667,814.9748333333333,1,0.0,43.192,862.1235,1,0,41.5005,5969.697833333333,4312.327665845554,0.0,0.8916666666666666,0.888888888888889,6.958333333333333
AS14.17,2014-05-02,7.0,t=666-668,0.10112275508840816,1903.057,310.95250000000004,1,2682.167,0.0,469.1676666666667,1,0,24.737333333333336,4059.6751666666664,5301.476332823435,0.5,0.9666666666666667,1.0,7.5
AS14.17,2014-05-03,7.25,t=667-669,0.17745348110927786,1455.0018333333335,22.536833333333334,1,1788.1113333333333,0.0,509.8781666666667,1,0,21.42866666666667,4966.673,4175.412833770115,0.8333333333333334,1.0,1.0,7.333333333333333
AS14.17,2014-05-04,7.25,t=668-670,0.26804867459562787,1086.5296666666666,82.99816666666668,0,894.0556666666666,0.0,982.835,1,0,30.982833333333332,2336.3740000000003,3654.060500343639,5.5,0.0,1.0,7.291666666666667
AS14.17,2014-05-05,7.5,t=669-671,0.1626317051612836,1545.6894999999997,53.88366666666667,0,0.0,0.0,701.2736666666666,1,0,31.728499999999997,1356.1238333333333,4586.040000597636,3.5,-0.6666666666666666,1.0,7.208333333333333
AS14.19,2014-03-24,6.0,t=670-672,0.061865811874113406,1558.0686666666668,0.0,0,0.0,0.0,58.52,0,0,231.5425,1699.5958333333335,3239.0198328495044,4.833333333333333,-0.7555555555555555,0.6444444444444445,6.477777777777778
AS14.19,2014-03-25,5.5,t=671-673,0.08119474736594061,2108.429666666667,13.0625,0,0.0,0.0,34.47516666666667,0,0,141.39116666666666,923.7333333333335,2196.4313334623985,5.0,-0.7000000000000001,0.5333333333333333,6.433333333333334
AS14.19,2014-03-26,6.0,t=672-674,0.0994990251654762,3152.211333333333,8.708333333333334,0,0.0,0.0,11.269833333333333,0,0,62.295500000000004,749.766,3274.994499524435,8.333333333333334,-0.8916666666666666,0.39166666666666666,5.916666666666667
AS14.19,2014-03-27,6.6,t=673-675,0.11118952298155005,3536.9265,4.354166666666667,0,0.0,0.0,69.873,0,0,52.771833333333326,870.4296666666665,4160.254166205724,7.833333333333333,-0.7833333333333332,0.35000000000000003,5.833333333333333
AS14.19,2014-03-28,6.6,t=674-676,0.12128251406961199,2840.5303333333336,121.259,0,0.0,0.0,141.78150000000002,0,0,83.45883333333335,919.178,4067.034498890241,8.0,-0.4083333333333334,0.4749999999999999,6.216666666666666
AS14.19,2014-03-29,7.4,t=675-677,0.13665680635858604,1883.903166666667,362.26383333333325,0,0.0,0.0,99.89733333333334,0,0,80.59933333333333,870.9266666666666,3299.634165684382,8.166666666666666,-0.39999999999999997,0.8666666666666666,6.5
AS14.19,2014-03-30,7.0,t=676-678,0.14063531976843496,1249.3348333333336,270.674,0,0.0,0.0,40.49316666666667,0,0,89.43966666666667,734.6463333333335,2386.103999376297,10.333333333333334,-0.09999999999999998,1.0999999999999999,7.0
AS14.19,2014-03-31,7.2,t=677-679,0.10305863269741422,869.6756666666666,122.23349999999999,0,0.0,0.0,4.38,0,0,68.281,1783.6285,1551.8673330148058,8.0,-0.23333333333333336,1.0,7.066666666666666
AS14.19,2014-04-01,6.4,t=678-680,0.10956076656889109,2995.049166666667,14.212666666666669,0,0.0,0.0,0.0,1,0,55.02016666666666,1489.4601666666667,3729.516166329382,7.166666666666667,-0.30000000000000004,0.9666666666666667,7.166666666666667
AS14.19,2014-04-02,7.6,t=679-681,0.12086102622478273,4225.993833333333,0.0,0,0.0,0.0,0.0,1,0,52.3915,1061.2481666666665,4019.879000266392,3.6666666666666665,-0.20000000000000004,0.5666666666666667,6.766666666666667
AS14.19,2014-04-03,6.6,t=680-682,0.10475755378174466,3042.1469999999995,0.0,0,0.0,0.0,23.858500000000003,1,0,47.45733333333333,632.6228333333333,3149.7231670618053,3.0,-0.16666666666666666,0.7333333333333334,7.133333333333333
AS14.19,2014-04-04,7.0,t=681-683,0.08450423026219656,2402.0395000000003,0.0,0,0.0,0.0,15.905666666666667,0,0,44.62616666666667,620.8428333333333,2779.0150005022683,2.1666666666666665,-0.06666666666666667,0.6666666666666666,6.8999999999999995
AS14.19,2014-04-05,8.0,t=682-684,0.11573021863592325,2064.85,0.0,0,0.0,0.0,117.65583333333335,0,0,118.83966666666667,1050.9266666666667,3327.553833961487,6.666666666666667,-0.13333333333333333,0.5666666666666668,6.966666666666666
AS14.19,2014-04-06,7.25,t=683-685,0.13249779224464972,1654.8578333333335,0.0,0,180.491,0.0,99.82033333333334,0,0,104.98633333333335,920.8916666666668,2945.3438340822854,9.5,-0.36666666666666664,0.8333333333333334,7.433333333333334
AS14.19,2014-04-07,6.6,t=684-686,0.11860083421227814,1544.573333333333,0.0,0,120.32733333333334,0.0,54.35766666666667,0,0,79.049,841.5556666666666,2632.384666999181,10.0,-0.8583333333333334,0.9666666666666667,7.458333333333333
AS14.19,2014-04-08,6.8,t=685-687,0.14578479437676903,2232.1175,0.0,0,60.16366666666667,0.0,116.185,0,0,59.11416666666667,1115.0036666666667,3110.622334639231,10.333333333333334,-1.0166666666666666,0.8333333333333334,7.05
AS14.19,2014-04-09,7.2,t=686-688,0.12138039304423416,2237.4286666666667,0.0,0,0.0,0.0,71.52666666666667,0,0,49.10466666666667,1153.3458333333335,3142.114167730013,10.166666666666666,-0.7416666666666667,0.8666666666666667,6.808333333333333
AS14.19,2014-04-10,6.75,t=687-689,0.11904265192192964,2374.505333333333,0.0,0,0.0,0.0,35.763333333333335,0,0,54.04333333333333,861.5791666666668,3132.9823346932717,9.666666666666666,-0.5,0.8333333333333334,6.966666666666666
AS14.19,2014-04-11,6.8,t=688-690,0.09043278144221535,1358.7708333333333,0.0,0,0.0,0.0,33.807,0,0,42.916,1952.2196666666666,2024.9336676200228,6.666666666666667,-0.45,0.8083333333333332,6.908333333333334
AS14.19,2014-04-12,7.2,t=689-691,0.09940820821414491,1387.5079999999998,0.0,0,0.0,0.0,53.269000000000005,0,0,42.086166666666664,1657.0041666666668,2245.196334441503,5.833333333333333,-0.5333333333333333,0.8833333333333333,6.849999999999999
AS14.19,2014-04-13,7.2,t=690-692,0.08219232169359832,1116.0416666666667,0.0,0,0.0,0.0,226.2688333333333,0,0,42.258500000000005,1232.6243333333334,2021.2958337465927,5.666666666666667,-0.18333333333333332,0.8583333333333334,6.991666666666667
AS14.19,2014-04-14,7.0,t=691-693,0.09737122156233709,1043.3705,0.0,0,0.0,0.0,253.35666666666665,0,0,53.01966666666667,578.241,1830.2011661132183,6.0,-0.3333333333333333,0.9333333333333332,7.133333333333333
AS14.19,2014-04-15,6.4,t=692-694,0.12186517094879296,2339.838333333333,0.0,0,0.0,0.0,244.72533333333334,0,0,83.565,1720.9418333333335,3310.3834991057715,10.5,0.03333333333333336,0.8666666666666667,7.1000000000000005
AS14.19,2014-04-16,6.8,t=693-695,0.13297157591673672,3104.0151666666666,0.0,0,0.0,0.0,116.92200000000001,0,0,110.24583333333332,1415.2856666666667,4059.711999853453,8.0,-0.4666666666666666,0.9333333333333332,6.733333333333334
AS14.19,2014-04-17,6.8,t=694-696,0.10651682089390958,5344.904333333333,0.0,0,0.0,0.0,218.51933333333332,0,0,89.15833333333335,849.9160000000002,3197.1641669273376,6.333333333333333,-0.5666666666666667,0.9666666666666667,6.7
AS14.19,2014-04-18,6.8,t=695-697,0.0982659556878307,5644.4255,0.0,0,0.0,0.0,170.41683333333333,0,0,63.8735,279.14733333333334,3720.7301661173515,2.8333333333333335,-0.7666666666666667,1.0,6.733333333333333
AS14.19,2014-04-19,6.8,t=696-698,0.07915675818938686,4677.6050000000005,0.0,0,114.56599999999999,0.0,91.77050000000001,0,0,47.06883333333334,166.6085,3554.8938328822464,3.1666666666666665,-0.8666666666666667,1.0,6.8
AS14.19,2014-04-20,7.6,t=697-699,0.09371347648778844,2405.0028333333335,0.0,0,76.37733333333334,0.0,178.27650000000003,0,0,54.9795,220.23483333333334,2454.099499583245,4.5,-0.6666666666666666,0.9,6.8
AS14.19,2014-04-21,6.4,t=698-700,0.09857271546105706,1166.7213333333332,0.0,0,38.18866666666667,0.0,146.07500000000002,0,0,49.81383333333334,578.7595,1789.1741664012277,4.666666666666667,-0.19999999999999998,1.0333333333333332,7.199999999999999
AS14.19,2014-04-22,6.8,t=699-701,0.11910681669824315,929.4633333333333,0.0,0,0.0,0.0,15116.099166666665,0,0,48.565,589.0035,1631.4634998639424,5.333333333333333,-0.10000000000000002,1.0333333333333334,6.866666666666667
AS14.19,2014-04-23,6.0,t=700-702,0.12998820177886455,2648.1895,0.0,0,0.0,0.0,10049.9105,0,0,48.181333333333335,619.6916666666667,3308.943666497866,6.166666666666667,0.26666666666666666,1.1333333333333333,6.8
AS14.19,2014-04-24,6.6,t=701-703,0.12323866705947983,3524.708166666667,0.0,0,0.0,0.0,5117.3099999999995,0,0,53.06883333333334,463.90183333333334,3467.5396665732064,5.833333333333333,-0.3333333333333333,1.0666666666666667,6.333333333333333
AS14.19,2014-04-25,7.25,t=702-704,0.11251860802727624,3180.6176666666665,0.0,0,0.0,0.0,68.63383333333333,0,0,121.32266666666665,413.674,3330.306666970253,5.333333333333333,-0.5333333333333333,0.9333333333333335,6.433333333333333
AS14.19,2014-04-26,7.75,t=703-705,0.09202948854594255,2624.3963333333336,273.245,0,0.0,0.0,161.573,0,0,93.69283333333333,664.7031666666667,2841.609499613444,5.5,-0.7416666666666667,0.8083333333333332,6.825
AS14.19,2014-04-27,6.333333333333333,t=704-706,0.16774345923078507,1423.4051666666667,182.16333333333333,0,0.0,0.0,86.25233333333334,0,0,99.70766666666667,1734.8148333333331,2072.5128329197564,6.333333333333333,0.15,1.1333333333333333,7.391666666666667
AS14.19,2014-04-28,6.4,t=705-707,0.11826341167006793,1811.6386666666667,91.08166666666666,0,0.0,0.0,241.22116666666668,1,0,86.17049999999999,1357.9068333333332,2418.008833010991,5.333333333333333,-0.5416666666666666,1.0416666666666667,6.958333333333333
AS14.19,2014-04-29,7.2,t=706-708,0.1083626618646792,2983.337333333333,0.0,0,0.0,0.0,431.7513333333333,1,0,74.8515,886.7636666666667,2724.790332635244,4.5,-0.3333333333333333,0.8277777777777778,6.602777777777778
AS14.19,2014-04-30,7.0,t=707-709,0.054912320049020635,2657.7246666666665,0.0,0,0.0,0.0,352.4766666666667,1,0,56.31016666666667,828.667,2625.0309988260265,5.0,-0.04999999999999997,0.6388888888888888,6.788888888888889
AS14.19,2014-05-01,6.8,t=708-710,0.048130826409463756,2187.881,2.5625,0,0.0,0.0,343.1596666666667,1,0,50.50666666666666,886.2853333333333,2815.035665591558,8.666666666666666,0.3333333333333333,0.7000000000000001,6.966666666666666
AS14.19,2014-05-02,7.8,t=709-711,0.08226176508760402,2009.798,1.7083333333333333,0,0.0,0.0,320.0466666666667,0,0,50.052,747.2508333333334,2992.435165882112,6.0,0.10000000000000002,0.7666666666666667,6.933333333333333
AS14.19,2014-05-03,7.4,t=710-712,0.14566538035687784,1533.6065,0.8541666666666666,0,0.0,0.0,173.49766666666665,0,0,64.7315,795.6123333333335,2286.309333284697,7.166666666666667,0.20000000000000004,1.0,7.333333333333333
AS14.19,2014-05-04,6.6,t=711-713,0.18020528370475386,1872.0411666666666,0.0,0,0.0,0.0,60.371,0,0,71.38733333333333,784.4915000000001,2600.5411672592177,10.833333333333334,0.30000000000000004,1.0333333333333334,7.433333333333334
AS14.19,2014-05-05,7.0,t=712-714,0.13014879300830992,2690.07,0.0,0,0.0,0.0,242.27083333333334,0,0,69.36316666666666,2314.005333333333,2644.6136672099433,6.5,0.0,0.9333333333333335,7.066666666666666
AS14.20,2014-03-23,7.6,t=713-715,0.003858024691358017,202.48183333333336,7.2171666666666665,0,10.549,0.0,9.432666666666668,0,0,655.6421666666666,60.20733333333334,854.2556667327882,0.0,0.4166666666666667,0.5,7.25
AS14.20,2014-03-24,6.8,t=714-716,0.024176954732510275,463.11716666666666,24.1275,0,0.0,0.0,1.0043333333333333,0,0,420.41383333333334,38.177666666666674,872.4728334347401,0.5,0.775,0.6083333333333334,7.466666666666666
AS14.20,2014-03-25,6.0,t=715-717,0.032355967078189295,669.6080000000001,97.5795,0,222.90199999999996,0.0,114.64316666666667,0,0,701.8891666666667,78.40316666666666,1687.816833138467,0.8333333333333334,0.3333333333333333,0.55,7.183333333333333
AS14.20,2014-03-26,6.8,t=716-718,0.057780349794238704,486.3338333333333,193.34916666666666,0,322.2943333333333,0.0,337.6375,0,0,513.8291666666668,526.9448333333333,2241.8483332792935,0.5,-0.30833333333333335,0.01666666666666668,6.533333333333334
AS14.20,2014-03-27,7.0,t=717-719,0.04474836230788612,248.96249999999998,299.8233333333333,0,190.096,0.0,386.09183333333334,0,0,315.4301666666667,468.13933333333335,1658.9634999434165,0.16666666666666666,-0.0833333333333333,0.10000000000000003,6.533333333333334
AS14.20,2014-03-28,6.25,t=718-720,0.05024324976904343,124.86533333333334,189.40533333333335,0,370.2581666666667,0.0,328.3075,0,0,83.06700000000001,360.1721666666667,1324.2896668910987,0.0,0.13333333333333333,0.425,6.766666666666667
AS14.20,2014-03-29,7.4,t=719-721,0.03519845469051819,118.4895,76.57083333333334,0,208.24033333333333,0.0,141.45283333333336,0,0,16.168666666666667,323.42316666666665,776.2358333667122,0.0,0.39999999999999997,0.31666666666666665,6.591666666666666
AS14.20,2014-03-30,7.5,t=720-722,0.08650608722453383,74.19033333333334,7.395333333333333,0,351.5716666666667,0.0,41.779333333333334,0,0,63.916666666666664,235.48883333333333,744.5594999392828,2.0,0.7083333333333334,0.625,6.95
AS14.20,2014-03-31,7.0,t=721-723,0.2401188068269379,251.33366666666666,0.0,0,164.96766666666667,0.0,163.731,0,0,452.71566666666666,119.98816666666666,747.7108334700268,2.3333333333333335,0.9166666666666666,0.8333333333333334,7.258333333333333
AS14.20,2014-04-01,6.25,t=722-724,0.15600930420711973,161.91983333333332,0.0,0,82.48383333333334,0.0,109.154,0,0,294.114,27.784499999999998,415.3893333276114,3.3333333333333335,0.9,0.9,7.233333333333333
AS14.20,2014-04-02,6.5,t=723-725,0.06753472222222222,80.92483333333332,0.0,0,476.6225,0.0,54.577,0,0,136.85016666666667,22.87533333333333,160.83316663901016,3.6666666666666665,0.43333333333333335,0.43333333333333335,6.708333333333333
AS14.20,2014-04-03,6.666666666666667,t=724-726,0.03564814814814817,361.28549999999996,74.39099999999999,0,317.74833333333333,0.0,394.6485,1,0,9.059,268.1515,1151.693666934968,2.0,0.13333333333333333,0.25833333333333336,6.5
AS14.20,2014-04-04,7.0,t=725-727,0.0498880302608373,238.556,49.593999999999994,0,158.87416666666667,0.0,263.099,1,0,11.732833333333332,198.26666666666665,791.1745001475023,1.1666666666666667,0.16666666666666666,0.25,6.541666666666667
AS14.20,2014-04-05,7.0,t=726-728,0.03739963334261582,500.18800000000005,24.796999999999997,1,273.4015,0.0,313.56600000000003,1,0,27.567333333333334,237.45766666666668,1430.5958328644438,0.3333333333333333,0.4861111111111111,0.40277777777777773,6.805555555555556
AS14.20,2014-04-06,7.0,t=727-729,0.05969752726204177,301.2005,13.737500000000002,1,393.5611666666667,0.0,121.34433333333334,0,0,92.68050000000001,153.52966666666666,1101.5124997297924,1.1666666666666667,0.5055555555555555,0.6222222222222222,6.9444444444444455
AS14.20,2014-04-07,6.8,t=728-730,0.06292377253345002,584.8655,16.199833333333334,1,441.0921666666666,0.0,279.36716666666666,0,0,58.21600000000001,197.73183333333336,2575.634832978248,2.6666666666666665,0.5583333333333332,0.75,7.0
AS14.20,2014-04-08,7.25,t=729-731,0.049674940268025713,741.4685,47.955999999999996,0,475.17350000000005,0.0,433.1766666666667,0,0,25.649333333333335,132.09916666666666,1587.786999940872,2.1666666666666665,0.5666666666666667,0.9,6.8999999999999995
AS14.20,2014-04-09,7.75,t=730-732,0.021391927816906058,436.43350000000004,28.135499999999997,0,512.4538333333334,0.0,266.49699999999996,0,0,0.0,96.26,1051.761499921481,2.0,0.5499999999999999,0.8416666666666667,7.058333333333334
AS14.20,2014-04-10,7.0,t=731-733,0.040638263818265914,278.767,137.31966666666668,0,265.68733333333336,0.0,600.9411666666666,0,0,22.111499999999996,155.33866666666665,1015.3699999252955,2.8333333333333335,0.39166666666666666,0.9166666666666666,7.425
AS14.20,2014-04-11,7.5,t=732-734,0.03459980690288911,418.69283333333334,144.94433333333333,0,88.6195,0.0,501.79816666666665,0,0,19.7585,135.0505,1217.9296665191653,2.1666666666666665,0.4166666666666667,0.7083333333333334,7.291666666666667
AS14.20,2014-04-12,6.8,t=733-735,0.04638531777991442,300.67716666666666,82.8045,0,0.0,0.0,278.10650000000004,0,0,31.352000000000004,96.93849999999999,744.5108332236609,2.0,0.4583333333333333,0.7083333333333334,7.375
AS14.20,2014-04-13,6.8,t=734-736,0.04499388037462748,1338.4890000000003,20.664666666666665,1,202.188,0.0,107.69150000000002,0,0,56.24466666666666,196.25216666666668,2234.6819999615363,4.333333333333333,0.25,0.6333333333333333,7.066666666666666
AS14.20,2014-04-14,6.8,t=735-737,0.02450895179982025,814.7625000000002,0.0,1,419.6295,0.0,35.07066666666667,0,0,34.088499999999996,124.34116666666667,1348.074333310128,2.6666666666666665,0.08333333333333333,0.625,6.916666666666667
AS14.20,2014-04-15,6.8,t=736-738,0.010163426517194077,401.3525,0.0,1,257.28766666666667,0.0,17.535333333333334,0,0,13.604833333333332,58.59133333333333,660.3564999898279,2.1666666666666665,0.0,0.39999999999999997,6.8
AS14.20,2014-04-16,7.2,t=737-739,0.05513888888888888,210.691,12.0685,0,94.94583333333333,0.0,67.7705,0,0,7.072,54.19216666666667,350.7021665970485,0.6666666666666666,0.0,0.4666666666666666,6.8
AS14.20,2014-04-17,6.4,t=738-740,0.038796296296296294,140.46066666666667,8.045666666666667,0,0.0,0.0,45.18033333333333,0,0,10.352666666666666,34.74466666666667,238.89300000667575,0.8333333333333334,0.20000000000000004,0.5333333333333333,7.0
AS14.20,2014-04-18,6.75,t=739-741,0.02665728926693839,308.3198333333333,36.79983333333333,0,248.4475,0.0,182.49866666666665,0,0,25.706,170.7078333333333,972.6365000009538,0.8333333333333334,-0.0666666666666667,0.5,6.733333333333334
AS14.20,2014-04-19,7.5,t=740-742,0.008846629058617357,158.72633333333332,21.851333333333333,0,165.63166666666666,0.0,113.92216666666667,0,0,14.939333333333332,141.64016666666666,616.822166522344,0.5,-0.06666666666666667,0.48333333333333334,6.708333333333333
AS14.20,2014-04-20,7.6,t=741-743,0.022708725578927943,1251.5166666666667,10.925666666666666,0,181.04083333333332,0.0,75.87,0,0,8.035,114.242,1739.7416670719783,0.16666666666666666,-0.06666666666666667,0.7333333333333334,7.066666666666666
AS14.20,2014-04-21,7.4,t=742-744,0.1000369246960882,922.7436666666666,0.0,0,65.48333333333333,0.0,20.90833333333333,0,0,93.71733333333333,191.90516666666667,1344.5556670029957,0.5,-0.20000000000000004,0.7166666666666667,7.425
AS14.20,2014-04-22,6.4,t=743-745,0.09417304341915565,655.6366666666667,7.3915,0,32.74166666666667,0.0,547.478,0,0,69.335,199.36633333333336,1087.520167350769,0.8333333333333334,-0.033333333333333326,0.7666666666666667,7.483333333333334
AS14.20,2014-04-23,7.0,t=744-746,0.04909916744475567,160.91166666666666,4.927666666666666,0,0.0,0.0,360.3125,0,0,35.58733333333333,107.58833333333332,366.3171670039494,3.5,0.0,0.3666666666666667,6.933333333333334
AS14.20,2014-04-24,7.0,t=745-747,0.037153750389044525,158.08350000000002,8.496333333333334,0,0.0,0.0,220.6185,0,0,8.366333333333335,32.1725,278.9181665976842,2.6666666666666665,-0.13333333333333333,0.3,6.866666666666667
AS14.20,2014-04-25,7.0,t=746-748,0.036506535947712436,309.8251666666667,12.057166666666667,0,0.0,0.0,69.15416666666667,0,0,193.04966666666664,274.15166666666664,845.2591671943666,1.8333333333333333,-0.2111111111111111,0.3111111111111111,6.8999999999999995
AS14.20,2014-04-26,7.0,t=747-749,0.04322508413995422,439.65899999999993,18.27133333333333,0,0.0,0.0,71.61483333333332,0,0,151.32883333333334,278.52666666666664,899.50033390522,1.5,0.12777777777777777,0.3138888888888889,7.0
AS14.20,2014-04-27,6.8,t=748-750,0.04380365086454463,540.696,71.23549999999999,0,0.0,0.0,263.95666666666665,0,0,78.54333333333334,211.409,1127.5033334096267,1.3333333333333333,0.3833333333333333,0.525,7.0
AS14.20,2014-04-28,6.8,t=749-751,0.031615683197600664,448.2728333333334,44.49316666666667,0,0.0,0.0,629.7798333333334,0,0,56.66416666666666,136.01466666666667,1298.6050001382825,0.6666666666666666,0.25,0.2916666666666667,6.8999999999999995
AS14.20,2014-04-29,7.25,t=750-752,0.04199280823440488,776.9803333333334,120.62683333333335,0,280.50350000000003,0.0,587.1039999999999,0,0,55.608666666666664,187.7825,2201.7731663386026,0.16666666666666666,0.08333333333333333,0.225,6.833333333333333
AS14.20,2014-04-30,7.0,t=751-753,0.023613812191543293,485.9666666666667,75.83383333333335,0,187.00233333333335,0.0,354.3866666666667,0,0,31.63933333333333,187.1966666666667,1450.8088331222534,0.0,0.125,0.44166666666666665,7.0249999999999995
AS14.20,2014-05-01,7.0,t=752-754,0.01060518651905207,223.63649999999998,39.42283333333334,0,93.50116666666668,0.0,110.4535,0,0,7.669999999999999,96.24616666666667,635.2773331801097,0.0,0.18333333333333335,0.5833333333333334,7.05
AS14.20,2014-05-02,7.2,t=753-755,0.0005787037037037056,17.5795,3.0118333333333336,0,0.0,0.0,21.975333333333335,0,0,0.0,27.323666666666668,69.91733332475033,0.0,0.20833333333333334,0.525,7.041666666666667
AS14.20,2014-05-03,6.75,t=754-756,0.0,0.0,0.0,0,0.0,0.0,0.0,0,0,0.0,0.0,0.0,0.0,0.20000000000000004,0.3333333333333333,7.1000000000000005
AS14.20,2014-05-04,7.333333333333333,t=755-757,0.0,0.0,0.0,0,0.0,0.0,0.0,0,0,0.0,0.0,0.0,0.0,0.10000000000000002,0.3833333333333333,6.941666666666666
AS14.20,2014-05-05,7.0,t=756-758,0.0,0.0,0.0,0,0.0,0.0,0.0,0,0,0.0,0.0,0.0,0.0,0.03333333333333333,0.5333333333333333,7.116666666666667
AS14.23,2014-03-25,6.2,t=757-759,0.31226548217369343,4931.735666666667,1074.4648333333332,0,0.0,0.0,9715.681166666667,1,0,995.3513333333334,1780.9906666666668,18814.08883472283,0.5,-0.23333333333333336,0.39999999999999997,6.3999999999999995
AS14.23,2014-03-26,7.0,t=758-760,0.29228079464654844,5494.992333333333,7203.850833333334,0,0.0,0.0,4908.5515,1,0,580.1671666666666,2174.1895000000004,20522.402666886643,0.16666666666666666,-0.3333333333333333,0.39999999999999997,6.2
AS14.23,2014-03-27,7.0,t=759-761,0.35341131635607076,6016.615333333332,5843.0315,0,89.95099999999998,0.0,284.6613333333333,1,0,771.8669999999998,1528.633,14731.279331962267,1.0,-0.2916666666666667,0.7916666666666666,6.533333333333334
AS14.23,2014-03-28,7.0,t=760-762,0.35895117736200904,5147.6765000000005,5034.300166666667,0,902.3718333333333,0.0,56.10733333333332,1,0,926.1013333333332,1100.1743333333334,11939.822998841606,0.6666666666666666,0.225,1.1416666666666666,6.866666666666667
AS14.23,2014-03-29,7.25,t=761-763,0.3889536645585146,4588.717833333333,2261.5871666666667,0,673.0041666666667,0.0,29.312166666666666,1,0,529.0851666666666,570.6005,7706.15416522821,0.3333333333333333,0.5083333333333333,1.2249999999999999,7.0
AS14.23,2014-03-30,7.0,t=762-764,0.39309504053914673,4567.5135,1357.5729999999999,0,2068.5888333333332,0.0,51.105,1,0,315.01483333333334,1056.4458333333332,8659.982832670212,0.0,0.45,1.3583333333333334,7.125
AS14.23,2014-03-31,7.5,t=763-765,0.409057816350517,3843.136166666667,1545.7798333333333,0,1514.5908333333334,0.0,293.74399999999997,1,0,332.2918333333333,994.8314999999999,8289.655665914217,0.5,0.18333333333333335,1.3,7.083333333333333
AS14.23,2014-04-01,7.5,t=764-766,0.39710142541239185,6275.444666666666,2717.447333333333,0,1136.6953333333333,0.0,329.39166666666665,1,0,254.09833333333336,1724.0956666666668,12280.171665747957,0.8333333333333334,-0.08333333333333333,1.4000000000000001,7.291666666666667
AS14.23,2014-04-02,7.0,t=765-767,0.453019360396874,6532.267666666667,1965.8656666666666,0,398.95683333333335,70.9025,280.363,1,0,336.9585,1489.7306666666666,11185.375165621435,0.5,-0.08333333333333333,1.7,7.416666666666667
AS14.23,2014-04-03,7.0,t=766-768,0.46894231090064187,6008.934499999999,2497.889833333333,0,276.8523333333333,47.26833333333334,130.64933333333335,1,0,229.47816666666668,1523.5418333333334,11372.179666280746,2.1666666666666665,0.20833333333333334,1.4166666666666667,7.25
AS14.23,2014-04-04,7.0,t=767-769,0.4219459564836594,5725.462666666666,3909.4768333333336,0,419.14016666666663,23.63416666666667,70.3505,1,0,221.33833333333337,1740.9106666666667,12571.92600051562,1.8333333333333333,0.4166666666666667,1.1666666666666667,7.083333333333333
AS14.23,2014-04-05,6.5,t=768-770,0.4703329314612022,7232.5745,3178.2311666666665,0,302.31216666666666,0.0,36.684,1,0,95.7035,1606.9073333333336,12707.191333532335,2.0,0.75,1.0,7.0
AS14.23,2014-04-06,7.0,t=769-771,0.43719025714076015,6520.379666666668,1602.9675,0,350.7191666666666,0.0,17.8085,1,0,129.84233333333333,1034.0035,9662.895666400593,1.3333333333333333,0.7916666666666666,1.0,6.75
AS14.23,2014-04-07,5.75,t=770-772,0.3728248155596483,7216.643,2383.271,0,176.64999999999998,0.0,104.593,1,0,116.22816666666665,838.5855000000001,10865.483834584555,3.1666666666666665,0.4166666666666667,0.7999999999999999,6.833333333333333
AS14.23,2014-04-08,6.6,t=771-773,0.35751970006607653,6219.303333333333,2785.7940000000003,0,83.04216666666666,0.0,195.65016666666668,1,0,159.62699999999998,1077.3205,10689.138500809668,3.3333333333333335,0.0,0.4916666666666667,6.291666666666667
AS14.23,2014-04-09,7.2,t=772-774,0.2930418249593348,5460.932666666667,1977.5136666666667,0,46.09166666666666,0.0,504.6161666666667,1,0,163.9785,1145.9563333333333,12798.080833633738,1.8333333333333333,0.01666666666666668,0.48333333333333334,6.383333333333333
AS14.23,2014-04-10,7.0,t=773-775,0.331291143561304,6140.966,1304.9665,0,84.258,0.0,344.37733333333335,1,0,137.02233333333334,749.0051666666667,11068.690667072931,0.5,-0.17500000000000004,0.8416666666666667,6.758333333333333
AS14.23,2014-04-11,7.0,t=774-776,0.30766085051409114,6095.2265,794.8741666666666,0,6549.995,0.0,492.41183333333333,1,0,161.50233333333333,1113.1263333333334,16529.050333857533,0.5,-0.10000000000000002,0.9,7.0
AS14.23,2014-04-12,7.75,t=775-777,0.33102480166986287,7738.054666666668,380.9823333333333,0,4713.7,0.0,249.89433333333332,1,0,193.2073333333333,1021.1869999999999,14721.629666845003,2.3333333333333335,0.13333333333333336,0.9666666666666667,7.033333333333334
AS14.23,2014-04-13,7.2,t=776-778,0.3266571294968487,5657.0955,945.1610000000001,0,2708.8695,0.0,190.99249999999998,1,0,340.34499999999997,657.7035,10869.245666384695,1.5,0.00833333333333334,0.9666666666666667,7.375
AS14.23,2014-04-14,7.2,t=777-779,0.3483132566934457,4649.8369999999995,1934.7361666666666,0,331.01866666666666,0.0,57.09633333333334,1,0,338.17033333333336,465.692,7950.467664917309,1.1666666666666667,0.28333333333333327,1.0,7.3500000000000005
AS14.23,2014-04-15,7.25,t=778-780,0.3253943611879599,4725.111,1203.7175,0,2466.603166666667,0.0,52.36583333333334,1,0,277.59233333333333,809.7178333333335,9676.158164501196,0.3333333333333333,0.4583333333333333,1.0,7.291666666666667
AS14.23,2014-04-16,7.4,t=779-781,0.3199456768096675,4634.964,482.79699999999997,0,2027.2693333333336,541.0840000000001,23.954666666666668,1,0,352.638,1961.424,10204.538331031803,0.6666666666666666,0.3,1.0,7.2250000000000005
AS14.23,2014-04-17,7.4,t=780-782,0.34559679739544213,4212.913666666666,17.2805,0,1206.7655,2477.343166666667,275.842,1,0,263.14366666666666,1651.0623333333333,10369.227165738745,1.3333333333333333,0.09999999999999999,1.0,7.316666666666667
AS14.23,2014-04-18,7.6,t=781-783,0.41926025190935184,5823.206333333333,126.32583333333332,0,408.36100000000005,2657.8671666666664,219.86533333333333,1,0,459.67216666666667,1530.0585,11257.91983306408,0.8333333333333334,0.5,1.2,7.375
AS14.23,2014-04-19,7.75,t=782-784,0.41373478992497065,5464.82,226.5385,0,158.76566666666668,2011.2025,198.48,1,0,371.19699999999995,952.3461666666667,9598.041834036509,1.3333333333333333,0.5333333333333333,1.1333333333333333,7.5
AS14.23,2014-04-20,7.75,t=783-785,0.3791948028737293,3660.6061666666665,140.3071666666667,0,126.27466666666668,751.9498333333335,69.0065,1,0,358.5146666666667,545.1928333333333,5764.643166979154,0.6666666666666666,0.3,1.0666666666666667,7.641666666666667
AS14.23,2014-04-21,7.2,t=784-786,0.45301024672432716,2635.990333333333,677.5136666666666,0,69.90983333333334,198.23733333333334,326.7225,1,0,342.4835,889.5861666666666,5214.5200006564455,0.8333333333333334,0.31666666666666665,1.0,7.7250000000000005
AS14.23,2014-04-22,6.2,t=785-787,0.44626380078695865,4223.393166666667,718.0361666666666,0,39.18233333333333,0.0,221.14866666666668,0,0,280.229,565.4564999999999,6176.938500046729,0.3333333333333333,-0.03333333333333336,1.0,7.4750000000000005
AS14.23,2014-04-23,7.0,t=786-788,0.42605506367452883,6770.738333333334,750.6884999999999,0,8.454833333333333,917.5275,131.453,1,0,201.65933333333336,2108.3378333333335,13593.059167186419,1.6666666666666667,0.05000000000000001,0.7000000000000001,6.791666666666667
AS14.23,2014-04-24,7.4,t=787-789,0.3187231030394483,5294.3795,570.5389999999999,0,143.725,1471.4895,18.731333333333335,1,0,868.618,2670.3465,12890.561000426611,2.0,0.0,0.7999999999999999,6.766666666666667
AS14.23,2014-04-25,7.8,t=788-790,0.3938669412574465,6137.360333333333,322.9508333333333,0,97.32066666666667,1997.5365000000002,503.01150000000007,1,0,786.3658333333333,1900.0713333333333,12629.219000935556,2.1666666666666665,0.03333333333333333,0.9,7.066666666666667
AS14.23,2014-04-26,7.5,t=789-791,0.39663306901301176,5648.651000000001,132.00733333333332,0,48.911,1838.0996666666667,980.1343333333334,1,0,539.4786666666668,2007.6958333333332,11224.659167846045,1.5,-0.10000000000000002,1.0999999999999999,7.533333333333334
AS14.23,2014-04-27,7.0,t=790-792,0.4128291018956271,5560.349333333333,239.99883333333332,0,1.0063333333333333,912.0618333333333,618.6518333333333,1,0,205.4271666666667,1359.2635,8967.418834924698,1.6666666666666667,-0.31666666666666665,1.0666666666666667,7.583333333333333
AS14.23,2014-04-28,7.6,t=791-793,0.3823331441616699,6511.332166666667,608.6253333333334,0,0.33666666666666667,269.9501666666667,281.6558333333333,1,0,412.77883333333335,1581.8319999999997,10295.926332036652,2.3333333333333335,-0.3,1.0333333333333334,7.3
AS14.23,2014-04-29,7.4,t=792-794,0.3758146412073584,5912.785333333333,1974.8273333333334,0,720.8338333333335,2614.9268333333334,285.6863333333333,1,0,1355.4641666666669,1316.2253333333333,14634.557665109633,3.3333333333333335,-0.25,1.0,7.383333333333333
AS14.23,2014-04-30,9.0,t=793-795,0.3719073633353101,4598.7955,2248.0718333333334,0,480.44366666666673,1742.8386666666665,337.3233333333333,1,0,912.6089999999999,1094.7918333333334,11852.886999209722,2.8333333333333335,-0.20000000000000004,1.0999999999999999,7.400000000000001
AS14.23,2014-05-01,9.0,t=794-796,0.4077424379165735,6216.428666666667,1558.3313333333333,0,240.22183333333336,871.4193333333333,916.2873333333333,1,0,425.5751666666667,676.6958333333333,10922.048333326975,2.3333333333333335,-0.6,1.0666666666666667,8.233333333333333
AS14.23,2014-05-02,9.0,t=795-797,0.39248834176686537,9966.501166666667,1699.9471666666668,0,0.0,0.0,757.7438333333333,1,0,134.44466666666668,585.3215,13054.631167729693,1.0,-0.8666666666666667,1.0333333333333334,8.733333333333333
AS14.23,2014-05-03,9.0,t=796-798,0.39445974729048827,8039.6759999999995,1113.7251666666668,0,0.0,1539.532,389.1175,1,0,75.02083333333333,583.119,11782.674334287643,0.3333333333333333,-1.0,1.0,9.0
AS14.23,2014-05-04,9.0,t=797-799,0.47658394513046637,4673.613666666667,556.272,0,0.0,1026.3546666666666,136.81366666666665,1,0,34.73433333333333,421.27500000000003,6916.819167296092,0.0,-1.0,1.0,9.0
AS14.24,2014-04-17,6.75,t=798-800,0.08117257505544054,1678.6108333333334,1.671,0,0.0,0.0,274.81333333333333,1,0,99.20766666666667,801.4350000000001,3267.2879999478646,6.5,-0.23333333333333336,0.5416666666666666,7.566666666666667
AS14.24,2014-04-18,7.0,t=799-801,0.0678115880103008,2544.380166666667,0.0,0,0.0,0.0,500.98083333333335,1,0,72.27816666666666,3500.467666666667,4646.460999647777,7.333333333333333,-0.9833333333333334,0.3333333333333333,7.108333333333333
AS14.24,2014-04-19,7.25,t=800-802,0.11215673420241357,3107.0516666666667,1.5074999999999996,0,0.0,0.0,641.8591666666666,1,0,71.50683333333332,4189.808166666667,6457.853166460991,12.5,-0.36666666666666664,0.525,6.983333333333333
AS14.24,2014-04-20,7.8,t=801-803,0.07684855010531569,2685.5268333333333,1.005,0,0.0,0.0,986.1038333333335,0,0,56.169999999999995,2640.3941666666665,5588.08616622289,8.0,-0.11666666666666665,0.8083333333333332,7.083333333333333
AS14.24,2014-04-21,7.5,t=802-804,0.09187071165025622,4826.632666666667,0.5025,0,0.0,0.0,656.5048333333333,0,0,51.4385,1361.3339999999998,4618.130499839783,8.5,0.36666666666666664,0.8666666666666667,7.483333333333333
AS14.24,2014-04-22,7.2,t=803-805,0.04934429929542233,3751.2556666666665,0.0,0,0.0,0.0,833.5181666666667,0,0,62.120000000000005,648.7563333333334,3946.592166066171,3.6666666666666665,0.45,0.9333333333333332,7.558333333333334
AS14.24,2014-04-23,7.5,t=804-806,0.061725258631254006,2770.5210000000006,46.20950000000001,0,0.0,0.0,524.0621666666667,0,0,58.23216666666667,784.5526666666666,3490.5068334341063,3.1666666666666665,0.46666666666666673,0.8666666666666667,7.400000000000001
AS14.24,2014-04-24,6.8,t=805-807,0.047341866052311575,1492.048,30.80633333333334,0,0.0,0.0,385.2765,0,0,51.50083333333333,621.2603333333333,2632.4510001341514,2.5,0.09166666666666667,0.9333333333333332,7.3999999999999995
AS14.24,2014-04-25,6.2,t=806-808,0.052455228119979734,2668.0608333333334,15.40316666666667,0,0.0,0.0,295.00783333333334,0,0,46.7335,1001.9409999999998,4333.686499953271,7.0,-0.14166666666666666,0.7166666666666667,7.099999999999999
AS14.24,2014-04-26,7.6,t=807-809,0.057550127059464905,1995.8981666666668,18.0865,0,0.0,18.0585,212.9135,1,0,55.26766666666666,1114.8878333333334,3700.6246669689826,9.166666666666666,-0.024999999999999984,0.4583333333333333,6.616666666666667
AS14.24,2014-04-27,7.0,t=808-810,0.20678544663008377,1123.906,13.668166666666666,0,0.0,12.039,105.84433333333334,1,0,57.484,868.968,2479.9400008519497,10.166666666666666,0.42500000000000004,0.6666666666666666,7.0
AS14.24,2014-04-28,6.8,t=809-811,0.16116459045009635,878.3318333333333,7.1025,0,0.0,6.0195,78.98766666666667,1,0,46.35616666666667,560.8245000000001,1357.1291670004528,5.0,-0.19999999999999998,0.75,7.066666666666666
AS14.24,2014-04-29,6.0,t=810-812,0.11254932842467384,2430.491,21.697333333333333,0,0.0,9.6115,205.583,1,0,47.31983333333333,1058.2813333333334,3635.4726668993626,4.666666666666667,3.700743415417188e-17,0.7166666666666667,7.0
AS14.24,2014-04-30,6.333333333333333,t=811-813,0.05773454739209835,3417.6910000000003,31.197,0,0.0,6.407666666666667,160.93383333333333,0,0,46.456500000000005,1189.7736666666667,4716.096500356992,5.0,0.5916666666666667,0.325,6.433333333333334
AS14.24,2014-05-01,7.4,t=812-814,0.10369147820513931,3800.0203333333334,99.44583333333333,0,0.0,21.388833333333327,192.5415,0,0,51.67883333333333,2093.7975,6604.012500524521,6.5,0.48333333333333334,0.43333333333333335,6.3
AS14.24,2014-05-02,7.0,t=813-815,0.11714547014320403,2466.0778333333333,59.696,0,0.0,12.123333333333333,280.9448333333333,0,0,50.62633333333333,2029.7098333333336,5523.6226669152575,3.3333333333333335,-0.19166666666666674,0.7222222222222222,6.811111111111111
AS14.24,2014-05-03,6.833333333333333,t=814-816,0.10111993569204765,1290.22,26.999666666666666,0,0.0,6.0616666666666665,447.241,0,0,53.77516666666666,1407.0578333333335,3757.207666873932,1.1666666666666667,-0.7666666666666666,0.9444444444444443,7.022222222222222
AS14.24,2014-05-04,7.5,t=815-817,0.06346917482466986,1370.7993333333334,2.011,0,0.0,186.7515,251.01183333333333,0,0,136.75333333333333,1076.2048333333332,3249.6071669658013,0.5,-0.9666666666666667,1.0,6.983333333333333
AS14.24,2014-05-05,6.0,t=816-818,0.08354731536893291,1640.1005000000002,1.3406666666666667,0,0.0,150.394,104.35883333333332,0,0,388.3306666666667,2408.6466666666665,3712.3078337510415,0.3333333333333333,-0.75,1.0,7.194444444444444
AS14.24,2014-05-06,6.0,t=817-819,0.09053032483506485,2192.1755,0.6703333333333333,0,0.0,79.5125,169.9265,0,0,336.9875,1703.9358333333332,3831.7978336016326,0.16666666666666666,-0.6666666666666666,0.6666666666666666,6.638888888888888
AS14.24,2014-05-07,7.0,t=818-820,0.13125656869046007,1772.158666666667,0.0,0,0.0,8.631,175.40566666666666,0,0,256.2271666666666,1883.3946666666668,3529.4461661974588,0.5,-0.6388888888888888,0.4444444444444444,6.25
AS14.24,2014-05-08,7.0,t=819-821,0.07631196550313198,2428.436,0.0,0,0.0,0.0,160.7345,0,0,132.66883333333334,1375.401,4645.37883377075,0.3333333333333333,0.16666666666666666,0.5416666666666666,6.5
AS14.24,2014-05-09,7.4,t=820-822,0.07766933286451654,2141.215166666667,236.78949999999998,0,0.0,0.0,149.45,1,0,78.73716666666667,1475.9216666666669,4484.918001015981,1.6666666666666667,0.3888888888888889,0.8055555555555555,6.833333333333333
AS14.24,2014-05-10,7.0,t=821-823,0.07476091047832274,2258.1393333333335,157.85966666666664,0,0.0,104.057,78.40966666666667,1,0,75.41883333333334,1114.344,4033.967834035555,2.0,-0.22222222222222224,0.9583333333333334,7.2
AS14.24,2014-05-11,7.25,t=822-824,0.08858224121978081,3097.5251666666663,97.64433333333334,0,0.0,69.37133333333334,515.1596666666666,1,0,221.29600000000002,3077.612833333333,5380.965999603273,4.666666666666667,-0.4444444444444445,1.0,7.133333333333333
AS14.24,2014-05-12,7.0,t=823-825,0.06685959878716116,2558.688666666667,12.476333333333335,0,0.0,34.68566666666667,335.76983333333334,0,0,168.406,3086.582,4419.223832329115,3.6666666666666665,-0.7777777777777777,1.0,7.191666666666666
AS14.24,2014-05-13,7.5,t=824-826,0.07721498613720894,3811.757333333333,198.02566666666667,0,0.0,75.0135,469.6051666666667,0,0,108.63350000000001,2822.373333333333,7652.5918329159385,2.3333333333333335,-0.7888888888888891,0.7999999999999999,7.083333333333333
AS14.24,2014-05-14,5.2,t=825-827,0.06601972327564716,3628.415333333333,190.4908333333333,0,0.0,57.07149999999999,250.45900000000003,0,0,52.65716666666666,2006.1419999999998,6849.896999398866,1.6666666666666667,-0.5583333333333333,0.7416666666666667,7.291666666666667
AS14.24,2014-05-15,6.4,t=826-828,0.06484156379264401,3580.737333333333,176.48866666666666,0,0.0,29.712833333333332,387.44866666666667,1,0,56.2285,2268.2945,6665.912833094597,4.833333333333333,-0.7166666666666667,0.15,6.266666666666667
AS14.24,2014-05-16,7.0,t=827-829,0.057018423345483814,4389.9535,68.0805,0,0.0,21.96366666666667,295.0653333333334,1,0,63.48933333333334,2222.3711666666663,7273.256667176883,9.5,-0.27499999999999997,0.19166666666666668,6.183333333333334
AS14.24,2014-05-17,7.6,t=828-830,0.03943321637222345,3252.5748333333336,23.6015,0,0.0,13.073,445.71150000000006,1,0,56.702999999999996,1510.2466666666667,6258.764834841092,7.166666666666667,-0.09999999999999999,0.5666666666666667,6.5
AS14.24,2014-05-18,7.2,t=829-831,0.03137941855195036,3214.7956666666664,0.0,0,0.0,6.5365,354.29133333333334,0,0,49.19416666666666,1759.4101666666666,5534.655501206717,3.6666666666666665,-0.1666666666666667,0.9,7.199999999999999
AS14.24,2014-05-19,7.4,t=830-832,0.027020764737659585,3448.862833333333,5.948499999999999,0,0.0,0.0,291.6048333333333,0,0,51.23233333333334,1554.492166666667,5434.885000983873,3.8333333333333335,-0.23333333333333336,0.7999999999999999,7.3
AS14.24,2014-05-20,7.0,t=831-833,0.017913809827132355,2860.1183333333333,9.985666666666665,0,0.0,0.0,311.96733333333333,0,0,59.34883333333334,1105.0966666666666,4279.918500383695,3.1666666666666665,-0.00833333333333334,0.7416666666666667,7.366666666666667
AS14.24,2014-05-21,6.2,t=832-834,0.02937249452122447,2031.0389999999998,5.996166666666666,0,0.0,0.0,365.118,0,0,47.1285,937.071,3448.9029999574027,4.666666666666667,0.049999999999999996,0.85,7.166666666666667
AS14.24,2014-05-22,6.6,t=833-835,0.04168814449563115,1408.6531666666667,6.207666666666667,0,0.0,0.0,222.61816666666667,0,0,57.82366666666667,913.6206666666667,2616.759499430656,3.3333333333333335,0.1416666666666667,0.6583333333333333,6.666666666666667
AS14.24,2014-05-23,6.8,t=834-836,0.04550025416502689,1740.2031666666664,2.800666666666667,0,0.0,0.0,101.24533333333335,0,0,66.25883333333334,926.0693333333332,2751.478832681973,3.1666666666666665,0.36666666666666664,0.7000000000000001,6.533333333333332
AS14.24,2014-05-24,7.2,t=835-837,0.02816725850125651,1613.239833333333,49.289333333333325,0,0.0,0.0,350.7246666666667,0,0,79.0175,876.0618333333333,3249.5953328609444,1.8333333333333333,0.1333333333333333,0.6333333333333333,6.633333333333333
AS14.24,2014-05-25,7.0,t=836-838,0.01648976443815716,1196.3895,31.926,0,0.0,0.0,297.1836666666666,0,0,74.5915,592.9155,2522.6536661386476,0.8333333333333334,0.033333333333333326,0.7333333333333334,6.966666666666666
AS14.24,2014-05-26,7.0,t=837-839,0.02866888234279007,916.9639999999999,15.963,0,0.0,0.0,166.934,0,0,61.05500000000001,865.5451666666668,4571.15083316962,1.6666666666666667,0.09166666666666667,0.8666666666666667,7.033333333333334
AS14.24,2014-05-27,6.2,t=838-840,0.018596586016763533,1186.0001666666665,0.0,0,0.0,0.0,98.89916666666666,0,0,58.36266666666668,746.8438333333334,3725.967500607174,2.0,0.4833333333333334,0.9666666666666667,7.033333333333334
AS14.24,2014-05-28,6.6,t=839-841,0.04077200270826515,1389.312,0.0,0,0.0,0.0,149.44366666666667,0,0,56.220333333333336,979.7833333333334,3868.4005008935915,3.1666666666666665,0.5583333333333333,0.8333333333333334,6.6000000000000005
AS14.24,2014-05-29,7.0,t=840-842,0.07103404198745827,1884.006,0.0,0,0.0,0.0,153.2965,1,0,61.832833333333326,1512.9355000000003,6714.135500828423,7.666666666666667,0.3,0.6388888888888888,6.533333333333332
AS14.24,2014-05-30,7.4,t=841-843,0.05276025230034937,2465.113,0.0,0,0.0,0.0,174.2805,1,0,56.6465,1901.8073333333334,6096.413166642189,4.666666666666667,-0.1166666666666667,0.6777777777777777,6.733333333333333
AS14.24,2014-05-31,7.0,t=842-844,0.04040328086522996,3223.5175,0.0,0,0.0,0.0,212.93233333333333,1,0,50.54716666666667,1429.5058333333334,5937.15433382988,8.0,-0.033333333333333326,0.9499999999999998,7.133333333333334
AS14.24,2014-06-01,6.833333333333333,t=843-845,0.12124983312798611,2045.4771666666666,0.0,0,0.0,0.0,116.91016666666667,0,0,27.022333333333336,1142.671,3460.061166882515,4.0,0.5,1.0333333333333334,7.133333333333333
AS14.24,2014-06-02,6.75,t=844-846,0.10046860454686547,1985.9231666666665,0.0,0,0.0,0.0,422.01683333333335,0,0,50.406,1286.3758333333333,4028.907332897185,4.5,-0.1333333333333333,0.8666666666666667,6.983333333333333
AS14.24,2014-06-03,7.8,t=845-847,0.07073138043534968,2110.8469999999998,106.02499999999999,0,0.0,0.0,651.2571666666666,0,0,39.25633333333334,1198.242,4189.447832902271,2.1666666666666665,0.0,0.8888888888888888,6.819444444444444
AS14.24,2014-06-04,7.0,t=846-848,0.06664817653757028,3178.1966666666667,70.68333333333332,0,0.0,0.0,429.2335,0,0,40.18966666666667,1388.1274999999998,5584.60449961821,6.166666666666667,0.14444444444444446,0.9444444444444443,7.288888888888889
AS14.24,2014-06-05,7.0,t=847-849,0.06019269822955442,3954.2751666666663,35.34166666666666,0,0.0,0.0,191.96883333333332,0,0,35.94316666666666,1046.2761666666665,5529.754499634107,4.5,0.4388888888888889,1.0,7.2250000000000005
AS14.24,2014-06-06,7.5,t=848-850,0.10687913625336905,2621.9678333333336,0.0,0,0.0,0.0,121.38883333333335,1,0,43.03883333333332,1374.8383333333331,4013.611166079839,7.833333333333333,0.2333333333333333,1.0,7.133333333333333
AS14.24,2014-06-07,8.0,t=849-851,0.15324970362280788,1918.2395,0.0,0,0.0,0.0,68.81099999999999,1,0,40.455999999999996,1174.5206666666666,3027.839332898458,12.0,0.3333333333333333,1.0,7.25
AS14.24,2014-06-08,6.5,t=850-852,0.1294957307722115,1098.094,0.0,0,0.0,0.0,82.08566666666665,1,0,23.138333333333335,3121.2851666666666,4071.5644994576796,8.166666666666666,-0.3333333333333333,1.0,7.666666666666667
AS14.24,2014-06-09,6.5,t=851-853,0.09863216519623991,718.2331666666668,0.0,0,0.0,0.0,130.99666666666667,0,0,17.174833333333336,2009.5221666666664,2864.6136661370615,3.3333333333333335,-1.0,1.0,7.166666666666667
AS14.25,2014-04-11,7.75,t=852-854,0.1355701568821973,3670.554166666667,365.39333333333326,0,220.90316666666664,136.7505,1932.3313333333333,1,1,318.743,2119.389333333333,7919.948499838511,5.5,0.20833333333333334,0.48333333333333334,7.05
AS14.25,2014-04-12,7.0,t=853-855,0.14223837692128136,2932.5869999999995,184.62366666666665,0,120.12883333333333,46.086499999999994,3044.741333333333,1,1,201.3665,6832.092000000001,7074.973333517711,7.166666666666667,-0.041666666666666664,0.45,7.2749999999999995
AS14.25,2014-04-13,6.6,t=854-856,0.0979007393808244,1509.9586666666664,3.8540000000000005,0,19.291,22.832666666666665,2108.89,1,1,116.87049999999999,4686.720166666667,3865.208166996638,5.5,-0.1416666666666667,0.5499999999999999,7.166666666666667
AS14.25,2014-04-14,6.4,t=855-857,0.06004087481940284,2523.2968333333333,0.0,0,144.66783333333333,34.25599999999999,1276.0259999999998,0,1,83.777,2545.469666666667,4372.477666974066,5.0,-0.30833333333333335,0.4833333333333334,6.925
AS14.25,2014-04-15,6.5,t=856-858,0.06584440633251702,4066.8218333333334,0.0,0,91.91933333333334,21.604833333333332,803.3201666666668,0,1,110.02666666666666,1071.0413333333333,6029.591166297592,6.0,0.1333333333333333,0.3333333333333333,6.566666666666667
AS14.25,2014-04-16,7.2,t=857-859,0.07717438399601544,3780.480666666667,0.0,0,45.95966666666667,9.1245,528.033,1,1,167.0905,1194.7511666666667,5796.702334006627,4.833333333333333,0.008333333333333323,0.13333333333333333,6.483333333333333
AS14.25,2014-04-17,6.5,t=858-860,0.09475666123786138,4441.492833333334,30.2195,0,0.0,82.1665,490.3785,1,1,235.6665,1229.2305,6564.372166951497,6.833333333333333,0.11666666666666668,0.3333333333333333,6.833333333333333
AS14.25,2014-04-18,6.25,t=859-861,0.10945556693507637,6964.626666666666,20.146333333333335,0,0.0,256.9436666666667,3034.612333333333,1,1,190.23566666666667,1507.0379999999998,12052.764500935873,5.0,0.025000000000000005,0.19999999999999998,6.733333333333333
AS14.25,2014-04-19,7.5,t=860-862,0.09501090698520571,8050.886666666668,10.073166666666667,0,5.0175,162.16616666666667,2269.7273333333333,1,1,201.27866666666668,2665.6559999999995,12998.459333221117,11.5,-0.09166666666666667,0.09999999999999999,6.491666666666667
AS14.25,2014-04-20,6.8,t=861-863,0.12292917203398042,5859.390833333334,0.0,0,74.532,79.96366666666667,1859.8045,1,0,419.3574999999999,1859.972,9900.54266722997,9.5,-0.4583333333333333,0.0,6.916666666666667
AS14.25,2014-04-21,7.4,t=862-864,0.07814102774409726,4400.300833333334,0.0,0,80.20100000000001,8.383333333333335,701.9323333333333,1,1,316.6535,1595.3698333333332,7014.016500751178,6.5,-0.2916666666666667,0.0,6.941666666666666
AS14.25,2014-04-22,8.25,t=863-865,0.08054174375300217,3619.5398333333337,0.0,0,208.02916666666667,4.191666666666667,1797.2746666666665,1,1,244.9525,1597.5326666666667,7720.294500509899,10.0,-0.325,0.4000000000000001,7.216666666666668
AS14.25,2014-04-23,6.5,t=864-866,0.09866442238635093,4691.434166666667,0.0,0,128.4495,45.4005,1163.9718333333333,1,1,198.36083333333332,3553.1983333333337,9879.276667038603,10.333333333333334,-0.00833333333333334,0.7666666666666666,7.7250000000000005
AS14.25,2014-04-24,6.0,t=865-867,0.09564056437085326,4916.228833333334,0.0,0,60.552166666666665,61.616499999999995,1470.7853333333333,1,1,178.36266666666666,3011.811166666667,9708.620499849321,9.666666666666666,-0.2333333333333333,0.4666666666666666,7.233333333333333
AS14.25,2014-04-25,6.25,t=866-868,0.08947834003666628,6305.0391666666665,0.0,0,65.83866666666667,36.033166666666666,969.4371666666667,1,1,146.46166666666667,2706.555166666667,9743.115166862806,7.666666666666667,-0.725,0.16666666666666666,6.541666666666667
AS14.25,2014-04-26,7.0,t=867-869,0.06884852310988675,5182.722166666667,593.0185,0,610.6781666666667,11.455833333333333,560.153,1,1,112.92633333333333,2001.2295000000001,8570.895999828974,4.666666666666667,-0.6083333333333333,-0.125,6.208333333333333
AS14.25,2014-04-27,7.4,t=868-870,0.11821458924567214,4442.266,395.34566666666666,0,400.138,0.6706666666666666,1415.9613333333334,1,1,85.11266666666667,1637.8156666666666,7921.749499956767,4.833333333333333,-0.033333333333333326,0.4166666666666667,6.583333333333333
AS14.25,2014-04-28,7.2,t=869-871,0.07731114232618243,3101.8965000000003,197.67283333333333,1,312.40383333333335,5.414833333333333,865.3021666666667,0,1,114.8405,972.5891666666666,5434.009333531062,2.8333333333333335,0.125,0.6916666666666668,7.075
AS14.25,2014-04-29,6.0,t=870-872,0.09656336805400978,6251.882166666667,156.2955,1,357.36016666666666,4.389833333333333,427.49583333333334,1,1,298.71616666666665,1774.2251666666664,9018.232666134834,9.333333333333334,0.08333333333333333,0.6333333333333334,7.233333333333334
AS14.25,2014-04-30,6.2,t=871-873,0.08562009730960263,7247.0685,449.3825,1,442.71900000000005,2.3621666666666665,314.1168333333334,1,1,328.0183333333333,2068.1755,10497.157832702,15.5,-0.6,-0.03333333333333329,6.633333333333333
AS14.25,2014-05-01,7.0,t=872-874,0.10213875796542508,7851.995,423.7286666666667,0,237.24583333333337,0.3345,209.18449999999999,1,1,300.29,5399.131166666667,12596.820832331978,12.833333333333334,7.401486830834377e-17,-0.3333333333333333,6.3
AS14.25,2014-05-02,6.5,t=873-875,0.09356505103962504,7234.775833333333,209.3995,0,72.70800000000001,89.207,1193.0076666666666,1,1,255.6671666666667,4163.041333333334,12189.769832213724,15.666666666666666,-0.4333333333333333,-0.03333333333333329,6.566666666666666
AS14.25,2014-05-03,6.4,t=874-876,0.11593397949285215,5744.858666666667,47.16883333333333,0,85.585,64.00683333333333,857.4355,1,1,206.4075,3074.895666666667,9314.174832900368,14.333333333333334,-0.5750000000000001,0.06666666666666667,6.616666666666667
AS14.25,2014-05-04,7.2,t=875-877,0.09001996387216622,5050.225666666666,169.1995,1,96.10016666666667,32.75933333333333,1511.0883333333331,1,1,153.93316666666666,2947.4575000000004,9797.188499927523,9.166666666666666,-0.5416666666666666,0.06666666666666667,6.533333333333334
AS14.25,2014-05-05,6.666666666666667,t=876-878,0.09457279779129173,3956.7388333333333,1470.5751666666667,1,543.6968333333333,1.5118333333333334,750.8245000000001,1,1,198.95783333333335,2236.3793333333338,8897.365165789923,5.166666666666667,0.2916666666666667,0.3,6.816666666666667
AS14.25,2014-05-06,6.666666666666667,t=877-879,0.08030878688302315,4436.534,961.5835000000001,1,437.70700000000005,138.3425,424.4681666666667,1,1,126.18983333333334,1799.5916666666665,8249.074832916258,6.333333333333333,-0.20833333333333334,0.19999999999999998,6.8
AS14.25,2014-05-07,6.8,t=878-880,0.08181341988496314,5352.360833333333,1142.2273333333333,0,643.6145,143.01033333333334,594.044,1,1,1516.7475000000002,1444.5508333333335,10863.728333155319,3.6666666666666665,-0.6666666666666666,0.09999999999999999,6.7555555555555555
AS14.25,2014-05-08,7.0,t=879-881,0.07408696743292063,5638.9025,1016.3185,1,1270.6076666666665,83.50183333333332,388.14166666666665,1,1,1094.074,1335.8463333333332,10901.423999786379,2.0,-0.7000000000000001,0.0,6.733333333333333
AS14.26,2014-03-26,6.4,t=880-882,0.0,0.0,0.0,0,0.0,0.0,0.0,0,0,0.0,0.0,0.0,1.8333333333333333,-0.10000000000000002,0.26666666666666666,6.883333333333333
AS14.26,2014-03-27,6.2,t=881-883,0.0,0.0,0.0,0,0.0,0.0,0.0,0,0,0.0,0.0,0.0,1.6666666666666667,0.19166666666666665,0.06666666666666667,6.566666666666667
AS14.26,2014-03-28,8.0,t=882-884,0.0,0.0,0.0,0,0.0,0.0,0.0,0,0,0.0,0.0,0.0,0.6666666666666666,0.06666666666666665,0.13333333333333333,6.333333333333333
AS14.26,2014-03-29,8.2,t=883-885,0.0,0.0,0.0,0,0.0,0.0,0.0,0,0,0.0,0.0,0.0,2.3333333333333335,0.13333333333333333,0.5666666666666667,7.133333333333333
AS14.26,2014-03-30,7.2,t=884-886,0.0,0.0,0.0,0,0.0,0.0,0.0,0,0,0.0,0.0,0.0,1.8333333333333333,-0.06666666666666668,0.8666666666666667,7.8
AS14.26,2014-03-31,7.0,t=885-887,0.0,0.0,0.0,0,0.0,0.0,0.0,0,0,0.0,0.0,0.0,1.0,-0.03333333333333333,0.7000000000000001,7.666666666666667
AS14.26,2014-04-01,6.6,t=886-888,0.0,0.0,0.0,0,0.0,0.0,0.0,0,0,0.0,0.0,0.0,0.16666666666666666,0.26666666666666666,0.5,7.266666666666667
AS14.26,2014-04-02,6.4,t=887-889,0.0,0.0,0.0,0,0.0,0.0,0.0,0,0,0.0,0.0,0.0,3.0,0.4000000000000001,0.10000000000000002,6.833333333333333
AS14.26,2014-04-03,6.8,t=888-890,0.0,0.0,0.0,0,0.0,0.0,0.0,0,0,0.0,0.0,0.0,3.0,0.2333333333333333,0.0,6.566666666666667
AS14.26,2014-04-04,6.75,t=889-891,0.0,0.0,0.0,0,0.0,0.0,0.0,0,0,0.0,0.0,0.0,1.6666666666666667,-0.03333333333333335,0.26666666666666666,6.633333333333333
AS14.26,2014-04-05,8.0,t=890-892,0.0,0.0,0.0,0,0.0,0.0,0.0,0,0,0.0,0.0,0.0,0.8333333333333334,0.30833333333333335,0.325,6.708333333333333
AS14.26,2014-04-06,6.75,t=891-893,0.0,0.0,0.0,0,0.0,0.0,0.0,0,0,0.0,0.0,0.0,3.3333333333333335,0.7166666666666667,0.6833333333333332,7.383333333333333
AS14.26,2014-04-07,6.75,t=892-894,0.0,0.0,0.0,0,0.0,0.0,0.0,0,0,0.0,0.0,0.0,2.1666666666666665,0.4583333333333333,0.375,7.166666666666667
AS14.26,2014-04-08,6.4,t=893-895,0.0,0.0,0.0,0,0.0,0.0,0.0,0,0,0.0,0.0,0.0,2.5,0.2916666666666667,0.16666666666666666,6.958333333333333
AS14.26,2014-04-09,6.4,t=894-896,0.0,0.0,0.0,0,0.0,0.0,0.0,0,0,0.0,0.0,0.0,1.0,0.08333333333333333,0.0,6.575
AS14.26,2014-04-10,6.6,t=895-897,0.0,0.0,0.0,0,0.0,0.0,0.0,0,0,0.0,0.0,0.0,0.5,0.041666666666666664,0.0,6.458333333333333
AS14.26,2014-04-11,6.6,t=896-898,0.0,0.0,0.0,0,0.0,0.0,0.0,0,0,0.0,0.0,0.0,0.0,-0.10000000000000002,0.10000000000000002,6.5
AS14.26,2014-04-12,7.75,t=897-899,0.0,0.0,0.0,0,0.0,0.0,0.0,0,0,0.0,0.0,0.0,5.0,0.3333333333333334,0.16666666666666666,6.566666666666666
AS14.26,2014-04-13,7.0,t=898-900,0.0,0.0,0.0,0,0.0,0.0,0.0,0,0,0.0,0.0,0.0,3.3333333333333335,0.7333333333333334,0.6,7.175
AS14.26,2014-04-14,7.4,t=899-901,0.03410808616441718,367.401,94.7595,0,0.0,0.0,2379.327,0,1,45.977,313.977,3074.890500187876,1.6666666666666667,0.36666666666666664,0.3666666666666667,7.183333333333334
AS14.26,2014-04-15,6.8,t=900-902,0.0552509490850717,787.3325,150.321,0,0.0,0.0,3397.765,0,1,53.832833333333326,781.2150000000001,5112.482000072799,1.0,0.30000000000000004,0.3666666666666667,7.325
AS14.26,2014-04-16,6.8,t=901-903,0.08314570943039704,790.1145,89.68516666666666,0,0.0,66.48949999999999,4701.490000000001,0,1,59.481,1812.5381666666665,7378.742832740148,2.6666666666666665,0.20000000000000004,0.3333333333333333,7.033333333333334
AS14.26,2014-04-17,6.0,t=902-904,0.08718602451362507,608.6378333333333,29.049333333333333,0,0.0,44.32633333333333,3622.889833333333,0,1,134.50416666666666,11604.278999999997,5659.12749997775,2.6666666666666665,0.23333333333333336,0.30000000000000004,6.8999999999999995
AS14.26,2014-04-18,7.2,t=903-905,0.08609019996887646,1398.5616666666665,0.0,0,0.0,22.163166666666665,3030.2885,1,0,102.4615,8251.396666666666,5664.203333695728,1.3333333333333333,0.10000000000000002,0.033333333333333326,6.3999999999999995
AS14.26,2014-04-19,8.0,t=904-906,0.07992981193566845,2430.657333333333,0.0,0,0.0,0.0,4386.265166666667,1,0,76.83133333333335,6308.814666666666,7853.229000528655,3.8333333333333335,0.3333333333333333,0.3666666666666667,6.733333333333334
AS14.26,2014-04-20,8.0,t=905-907,0.1471062072014883,1972.397666666667,0.0,0,0.0,0.0,3333.670666666667,1,0,46.18216666666666,7552.7115,6099.456667264305,2.3333333333333335,0.7000000000000001,0.7333333333333334,7.3999999999999995
AS14.26,2014-04-21,6.4,t=906-908,0.10117572837757886,1319.0163333333333,32.1395,0,0.0,0.0,4453.641166666667,0,0,54.834333333333326,4802.504166666667,6371.9273334344225,1.1666666666666667,0.7333333333333334,0.9666666666666667,7.866666666666667
AS14.26,2014-04-22,7.25,t=907-909,0.09391039887799191,1523.0265,116.69783333333334,0,0.0,0.0,4461.729666666667,0,0,49.4415,2486.4616666666666,6766.853833595912,0.0,0.26666666666666666,0.5,7.2
AS14.26,2014-04-23,6.2,t=908-910,0.0904178476647256,2166.012,74.2275,0,0.0,0.0,3642.0939999999996,0,1,48.84799999999999,3637.162333333333,7552.792501091957,0.0,0.2833333333333333,0.6666666666666666,7.091666666666666
AS14.26,2014-04-24,5.8,t=909-911,0.09945112578929875,1957.1018333333334,37.31066666666667,0,0.0,0.0,3292.757,0,1,54.06733333333333,3092.4376666666667,7100.332834362986,1.0,0.23333333333333336,0.43333333333333335,6.583333333333333
AS14.26,2014-04-25,6.6,t=910-912,0.08833753369521065,2764.8179999999998,36.93483333333334,0,0.0,0.0,2787.2214999999997,0,1,201.85866666666664,5252.626166666666,7181.792834242188,1.6666666666666667,0.15,0.03333333333333329,6.175
AS14.26,2014-04-26,8.0,t=911-913,0.09679562144599102,3607.5753333333328,46.189166666666665,0,0.0,0.0,3311.9288333333334,1,1,152.62933333333334,6514.237166666667,8453.210667451225,1.5,0.13333333333333333,0.10000000000000002,6.266666666666666
AS14.26,2014-04-27,7.8,t=912-914,0.19164427197443423,3679.4276666666665,53.78116666666667,0,0.0,0.0,2537.595333333333,1,1,92.50466666666667,4173.201,7493.132167021434,2.1666666666666665,0.5666666666666667,0.5666666666666667,7.166666666666667
AS14.26,2014-04-28,8.0,t=913-915,0.1524815802358607,2073.431,64.76733333333333,0,0.0,0.0,1643.933,1,1,48.98616666666667,1886.1123333333333,4800.423667033512,4.166666666666667,0.7666666666666667,0.8000000000000002,7.666666666666667
AS14.26,2014-04-29,6.6,t=914-916,0.1536198353687798,2001.455,155.99450000000002,0,0.0,0.0,1637.915,1,1,46.050000000000004,710.4666666666667,4613.556666056314,4.5,0.9333333333333332,0.9333333333333332,7.933333333333334
AS14.26,2014-04-30,6.2,t=915-917,0.11519742825677959,1481.8838333333333,93.486,0,0.0,0.0,1991.9365000000005,1,1,53.129999999999995,1020.2171666666667,4540.551333904266,2.3333333333333335,0.7666666666666666,0.6666666666666666,7.266666666666666
AS14.26,2014-05-01,6.8,t=916-918,0.10116949086602627,2865.0411666666664,59.071000000000005,0,0.0,0.0,2234.692666666667,0,1,49.552666666666674,1100.2521666666664,6229.709833383559,0.6666666666666666,0.26666666666666666,0.4000000000000001,6.633333333333333
AS14.26,2014-05-02,7.2,t=917-919,0.10266467462691291,2133.6611666666668,12.525666666666666,0,0.0,0.0,2011.3585,0,1,42.71783333333334,2055.3070000000002,6041.217666665713,2.5,0.033333333333333326,0.3333333333333333,6.566666666666666
AS14.26,2014-05-03,7.8,t=918-920,0.12446041219688293,1911.6783333333333,159.67283333333333,0,0.0,0.0,2054.353333333333,1,1,256.7355,1527.480166666667,5477.2495002349215,1.6666666666666667,0.06666666666666668,0.5666666666666668,6.900000000000001
AS14.26,2014-05-04,7.4,t=919-921,0.09037569442805464,1294.1068333333333,127.55533333333334,0,0.0,0.0,2767.3878333333328,1,1,186.90200000000002,1343.5671666666667,4459.2005009253835,2.3333333333333335,0.06666666666666667,0.7333333333333334,7.433333333333333
AS14.26,2014-05-05,6.5,t=920-922,0.0480828446284725,834.4578333333333,106.76883333333335,0,0.0,0.0,3270.3495000000003,1,1,122.48533333333334,736.5483333333333,4304.945167064666,1.0,-0.06666666666666668,0.6000000000000001,7.5
AS14.26,2014-05-06,6.5,t=921-923,0.0632233810631024,584.8986666666666,58.946000000000005,0,0.0,0.0,2994.1468333333337,0,0,41.609,784.2738333333333,4134.870333631833,2.0,0.05833333333333333,0.39166666666666666,7.016666666666667
AS14.26,2014-05-07,6.8,t=922-924,0.061084389387049375,485.4171666666666,98.05799999999999,0,0.0,0.0,4042.3300000000004,0,0,76.90033333333334,809.9403333333333,5507.202667037648,2.0,0.17500000000000002,0.27499999999999997,6.6499999999999995
AS14.26,2014-05-08,6.6,t=923-925,0.07891833135166107,477.7108333333333,54.014,0,0.0,0.0,2873.149833333333,0,0,60.56166666666667,778.2215,4240.662166873615,2.1666666666666665,0.125,0.325,6.6499999999999995
AS14.26,2014-05-09,6.8,t=924-926,0.09161124839974022,1474.4901666666665,607.2263333333334,0,0.0,0.0,2149.464,0,1,543.8611666666667,6925.587500000001,6546.749666531883,1.0,-0.05833333333333335,0.375,6.6499999999999995
AS14.26,2014-05-10,8.0,t=925-927,0.10700499978343686,2235.9846666666667,609.3991666666667,0,0.0,0.0,2534.7528333333335,0,1,428.925,13688.961000000001,7546.491832733153,0.3333333333333333,0.03333333333333335,0.5,6.733333333333333
AS14.26,2014-05-11,6.2,t=926-928,0.09083214147240819,2062.0785,341.3405,0,0.0,0.0,3164.6098333333334,0,1,252.6795,8826.367,7237.746499617892,4.0,0.3333333333333333,0.7666666666666666,7.366666666666667
AS14.26,2014-05-12,6.4,t=927-929,0.07918410772972093,2343.6678333333334,77.80783333333333,0,0.0,0.0,2366.052166666667,1,1,67.199,5134.532999999999,6071.80883347988,5.666666666666667,0.43333333333333335,0.43333333333333335,6.900000000000001
AS14.26,2014-05-13,7.0,t=928-930,0.04394846215322289,3055.2703333333334,166.51433333333333,0,0.0,0.0,2428.665,1,1,100.86733333333332,2953.279666666667,6980.690667152406,3.3333333333333335,0.2333333333333333,0.3666666666666667,6.6000000000000005
AS14.26,2014-05-14,6.0,t=929-931,0.08227128750466915,2872.891166666667,131.22216666666665,0,0.0,0.0,2305.8293333333336,1,1,76.5435,4246.9465,7406.7611671288805,1.0,0.26666666666666666,0.4333333333333333,6.666666666666667
AS14.26,2014-05-15,6.4,t=930-932,0.09209874258053923,2585.9758333333334,88.63083333333333,0,0.0,0.0,1815.2958333333336,0,0,54.232,4040.963333333333,5994.236666719119,1.5,0.13333333333333333,0.26666666666666666,6.3999999999999995
AS14.26,2014-05-16,7.4,t=931-933,0.12313223702203241,5655.176166666667,82.49583333333332,0,0.0,0.0,1979.3500000000001,1,0,31.713166666666666,2788.399166666666,9204.37450023492,1.0,0.16666666666666666,0.20000000000000004,6.366666666666667
AS14.26,2014-05-17,7.4,t=932-934,0.11606244650463445,5647.176333333333,96.03133333333331,0,0.0,0.0,2439.3458333333333,1,0,34.9835,2551.2598333333335,9660.762333591776,1.5,0.36666666666666664,0.46666666666666673,6.833333333333333
AS14.26,2014-05-18,7.2,t=933-935,0.1259602611637991,3848.7795,188.5148333333333,0,0.0,0.0,2453.282833333333,1,0,37.780833333333334,1737.4815,7659.709500670433,2.1666666666666665,0.48333333333333334,0.5499999999999999,7.233333333333334
AS14.26,2014-05-19,7.4,t=934-936,0.10950689210559732,2317.078666666667,178.29899999999998,0,0.0,0.0,2749.186833333333,1,0,481.22283333333326,1380.1143333333332,6593.966499964394,2.3333333333333335,0.46666666666666673,0.7000000000000001,7.300000000000001
AS14.26,2014-05-20,7.6,t=935-937,0.09118369923298884,1778.668,151.98316666666665,0,0.0,0.0,3132.9448333333335,1,0,337.3643333333333,870.5186666666667,6096.165666619933,2.1666666666666665,0.016666666666666646,0.85,7.333333333333333
AS14.26,2014-05-21,7.0,t=936-938,0.09994168041510387,1894.8739999999998,140.61716666666666,0,0.0,0.0,5163.3301666666675,1,0,241.28149999999997,1121.2593333333332,8559.079833666481,1.0,-0.26666666666666666,0.8666666666666667,7.466666666666666
AS14.26,2014-05-22,6.6,t=937-939,0.11636201679353474,1747.9955,108.61833333333333,0,0.0,0.0,3792.9138333333335,1,1,76.57333333333334,928.759,6696.635833859443,2.8333333333333335,-0.10000000000000002,0.8333333333333334,7.266666666666667
AS14.26,2014-05-23,6.2,t=938-940,0.13440134292888528,1881.402,97.13366666666666,0,0.0,0.0,3079.292833333333,1,1,53.16433333333333,1784.6416666666667,6883.901332815488,2.1666666666666665,-0.10000000000000002,0.6000000000000001,6.8999999999999995
AS14.26,2014-05-24,7.6,t=939-941,0.12130422411738788,2149.546,43.39066666666667,0,0.0,0.0,1829.992,1,1,35.30916666666666,2180.2623333333336,5815.153999646504,2.1666666666666665,0.06666666666666668,0.26666666666666666,6.466666666666666
AS14.26,2014-05-25,8.0,t=940-942,0.1279961631348368,2526.503666666667,106.19916666666666,0,0.0,0.0,2272.8241666666668,1,1,329.09433333333334,2183.9943333333335,6979.723333477975,1.8333333333333333,-0.06666666666666668,0.5666666666666667,6.966666666666666
AS14.26,2014-05-26,7.2,t=941-943,0.12835840931856332,2570.2713333333336,161.60233333333335,0,0.0,0.0,2467.0565,1,0,233.69650000000001,2533.4583333333335,7659.210666298869,1.5,-0.2833333333333333,0.8333333333333334,7.566666666666666
AS14.26,2014-05-27,5.8,t=942-944,0.09362811456736174,2333.121166666667,244.68183333333332,0,0.0,0.0,2908.9986666666664,1,1,144.8311666666667,2009.0103333333334,7576.302332679433,1.6666666666666667,-0.09999999999999998,1.0,7.533333333333334
AS14.26,2014-05-28,5.4,t=943-945,0.05336884230439354,2605.951,255.19500000000002,0,0.0,0.0,3460.234,1,1,67.38850000000001,2825.7343333333333,7964.899166464808,0.8333333333333334,-0.016666666666666663,0.39999999999999997,6.633333333333333
AS14.26,2014-05-29,7.4,t=944-946,0.057803803097320194,2990.8950000000004,384.63983333333334,0,0.0,0.0,4437.358833333333,1,1,67.11266666666667,5601.719166666667,9450.660667300222,0.8333333333333334,0.3333333333333333,-0.10000000000000003,5.833333333333333
AS14.26,2014-05-30,6.4,t=945-947,0.04524138922763158,1671.3860000000004,210.03466666666668,0,0.0,0.0,2390.8761666666664,1,1,37.400666666666666,3384.8421666666673,5146.454000393547,0.3333333333333333,0.19999999999999998,0.2333333333333334,6.466666666666668
AS14.27,2014-04-06,7.0,t=946-948,0.08524531452365891,1560.0275000000001,0.0,0,301.20733333333334,0.0,1618.474,1,0,105.57416666666667,1621.423,4378.440332214038,4.0,0.16666666666666666,0.4666666666666666,7.266666666666667
AS14.27,2014-04-07,7.6,t=947-949,0.08078816652108871,1934.6071666666667,0.0,0,208.57500000000002,24.428500000000003,1414.6566666666668,1,1,77.602,1381.9521666666667,4437.907832344373,4.5,-0.39999999999999997,0.3333333333333333,7.133333333333333
AS14.27,2014-04-08,7.6,t=948-950,0.0777199074074074,2414.449,0.0,0,141.12566666666666,16.285666666666668,1050.4905,1,1,69.0345,970.5504999999999,4469.328165451688,2.0,0.1333333333333333,0.5666666666666668,7.366666666666666
AS14.27,2014-04-09,7.0,t=949-951,0.0771990740740741,1832.5384999999999,0.0,0,191.1,8.142833333333334,764.4713333333334,1,1,112.57633333333332,933.4571666666667,3597.947832584383,0.8333333333333334,-0.1333333333333333,0.7000000000000001,7.5
AS14.27,2014-04-10,7.4,t=950-952,0.09386574074074076,2256.7903333333334,0.0,0,153.7245,0.0,822.5533333333333,1,0,191.34216666666666,863.119,4241.7471666733445,0.0,0.1666666666666667,0.8000000000000002,7.3
AS14.27,2014-04-11,5.8,t=951-953,0.11174768518518519,2106.4096666666665,0.0,0,184.68216666666663,0.0,818.4103333333333,1,0,147.862,987.627,4144.328999996186,2.0,-0.06666666666666667,0.6000000000000001,7.300000000000001
AS14.27,2014-04-12,7.0,t=952-954,0.10324074074074074,1470.8598333333332,0.0,0,146.76,0.0,1003.7255,1,0,90.14016666666667,836.8816666666667,3521.150833884875,1.8333333333333333,0.20000000000000004,-0.03333333333333329,6.533333333333334
AS14.27,2014-04-13,8.75,t=953-955,0.08798690932311622,1366.2853333333333,0.0,0,149.37383333333332,0.0,1151.9221666666665,1,0,51.27533333333334,1685.1916666666666,3429.629667321842,3.0,0.225,0.11666666666666668,6.666666666666667
AS14.27,2014-04-14,7.6,t=954-956,0.10859275223499364,1032.55,0.0,0,83.80316666666666,0.0,997.6913333333333,0,0,60.851166666666664,1281.4755,2826.671833952269,3.0,0.39999999999999997,0.8166666666666668,7.675
AS14.27,2014-04-15,7.2,t=955-957,0.09903216794380588,768.2823333333332,0.0,0,69.80883333333334,0.0,483.1311666666666,0,1,64.41166666666668,873.0311666666666,1958.7583328882858,1.6666666666666667,-0.19166666666666674,0.9833333333333334,7.883333333333333
AS14.27,2014-04-16,7.8,t=956-958,0.09496496443008984,1344.817,0.0,0,99.17750000000001,0.0,685.0468333333334,1,1,77.266,636.6476666666666,2959.0201662381482,0.5,-0.48333333333333334,0.8166666666666668,7.591666666666666
AS14.27,2014-04-17,7.6,t=957-959,0.10266403048822836,2106.1648333333337,0.0,0,115.43216666666667,0.0,794.5625,1,1,90.70433333333334,791.0338333333333,5000.869333545367,0.0,-1.0333333333333332,0.8333333333333334,7.566666666666666
AS14.27,2014-04-18,8.6,t=958-960,0.10496520463098007,1895.0363333333335,0.0,0,117.43283333333333,0.0,938.7125,1,0,102.13166666666666,1442.4675,5739.591333190599,1.0,-0.4666666666666666,0.8333333333333334,7.599999999999999
AS14.27,2014-04-19,7.5,t=959-961,0.1113673941798942,1385.4683333333332,0.0,0,74.39183333333334,0.0,736.6108333333333,1,0,79.966,1209.9631666666667,4282.241999944051,3.6666666666666665,-0.16666666666666666,1.133333333333333,8.133333333333333
AS14.27,2014-04-20,7.2,t=960-962,0.08299437830687831,2079.4283333333337,0.0,0,168.63216666666668,0.0,1106.5336666666667,1,0,77.28433333333334,842.9078333333333,3722.7569991350174,2.3333333333333335,-0.09166666666666667,0.85,7.883333333333333
AS14.27,2014-04-21,6.8,t=961-963,0.1281099245253657,2434.3545,0.0,0,202.81016666666665,0.0,1163.2826666666667,1,0,73.511,16845.450166666666,4359.063333392143,2.5,-0.2833333333333334,0.6999999999999998,7.533333333333334
AS14.27,2014-04-22,7.8,t=962-964,0.10852834189231253,2161.3325,0.0,0,168.159,0.0,1051.0193333333334,1,1,66.6775,11426.212166666666,4180.201666911443,2.0,-0.17500000000000002,0.3833333333333333,7.05
AS14.27,2014-04-23,8.0,t=963-965,0.10469236305633367,1694.1271666666664,0.0,0,282.3751666666667,0.0,843.7199999999999,1,1,62.78816666666666,6143.987,4391.063333749771,6.666666666666667,-0.5666666666666667,0.5666666666666668,7.366666666666667
AS14.27,2014-04-24,7.6,t=964-966,0.08104503624222874,1374.5108333333335,0.0,0,293.7018333333333,0.0,796.3808333333333,1,1,62.16833333333333,621.4611666666666,3606.855666836102,4.5,-0.3333333333333333,0.7000000000000001,7.733333333333333
AS14.27,2014-04-25,7.6,t=965-967,0.08358216909353271,1532.2903333333331,0.0,0,220.61083333333332,0.0,716.5296666666667,1,0,74.51583333333333,963.6773333333332,3732.586832880974,5.166666666666667,0.1333333333333333,0.7000000000000001,7.766666666666666
AS14.27,2014-04-26,9.333333333333334,t=966-968,0.11096368414216005,1566.2556666666667,0.0,0,167.4235,0.0,641.1231666666667,1,1,254.7726666666667,978.3331666666667,3646.4483328262963,4.166666666666667,0.7999999999999999,0.6333333333333333,7.666666666666667
AS14.27,2014-04-27,8.0,t=967-969,0.24210045129162774,1616.0240000000001,0.0,0,75.03966666666666,0.0,542.2178333333334,1,1,285.6528333333334,1533.0683333333334,4391.3943331638975,11.333333333333334,0.8333333333333334,1.1333333333333333,8.466666666666667
AS14.27,2014-04-28,7.8,t=968-970,0.20652655116224636,2647.9845,0.0,0,48.70133333333334,0.0,1466.0829999999999,1,1,189.14750000000004,1421.896,5942.16483382384,9.166666666666666,0.6222222222222222,1.0555555555555556,8.377777777777778
AS14.27,2014-04-29,7.2,t=969-971,0.16783029155188242,2133.2983333333336,0.0,0,72.87833333333333,0.0,1771.4793333333334,1,1,174.08783333333335,1144.6771666666666,5750.328666249911,6.666666666666667,0.3444444444444445,0.9444444444444445,8.122222222222222
AS14.27,2014-04-30,6.6,t=970-972,0.10848111799816341,1507.646,0.0,0,134.75466666666668,0.0,1867.4188333333332,1,0,134.601,882.2800000000001,4763.589500228564,3.6666666666666665,-0.4666666666666666,0.6000000000000001,7.533333333333334
AS14.27,2014-05-01,7.6,t=971-973,0.09555595466155808,2061.1831666666662,125.726,0,157.2591666666667,0.0,2088.4476666666665,1,0,106.73166666666667,1022.0484999999999,5675.00266734759,2.1666666666666665,0.2333333333333333,0.46666666666666673,7.0
AS14.27,2014-05-02,7.2,t=972-974,0.10041706577266918,2299.0136666666663,165.10333333333332,0,274.766,0.0,1470.225333333333,1,0,67.85416666666667,1008.5186666666665,5433.835000872613,1.3333333333333333,0.4000000000000001,0.6000000000000001,7.199999999999999
AS14.27,2014-05-03,6.4,t=973-975,0.1120051085568327,2176.6391666666664,96.09933333333333,0,282.992,0.0,918.6840000000001,1,0,75.47833333333334,922.18,4572.962833007177,1.0,-0.16666666666666666,0.6333333333333333,7.233333333333333
AS14.27,2014-05-04,7.4,t=974-976,0.10385935504469986,2689.2084999999997,27.095333333333333,0,149.75716666666665,0.0,544.6033333333334,1,0,64.89816666666667,833.4110000000001,4471.7441656986875,1.5,0.33333333333333326,0.3333333333333333,6.866666666666667
AS14.27,2014-05-05,7.666666666666667,t=975-977,0.09338575708061003,2800.789833333333,0.0,0,68.87516666666666,0.0,1361.9895000000001,1,0,67.89233333333333,1599.5895000000003,5196.294332702954,0.8333333333333334,0.1333333333333333,0.39999999999999997,7.033333333333334
AS14.27,2014-05-06,7.666666666666667,t=976-978,0.12611322285869206,2759.5285000000003,0.0,0,84.67949999999999,0.0,1402.807,1,0,47.053666666666665,1529.7970000000003,5828.389332413673,0.3333333333333333,0.13333333333333333,0.5333333333333333,7.366666666666667
AS14.27,2014-05-07,7.8,t=977-979,0.11815659120136475,3121.2565,0.0,0,77.98883333333333,0.0,946.7260000000001,0,0,24.744333333333334,1201.5073333333332,5437.714333494505,0.5,-0.03333333333333333,0.6555555555555556,7.622222222222223
AS14.27,2014-05-08,7.0,t=978-980,0.11099651492817895,2621.9251666666664,0.0,0,49.75816666666666,0.0,383.7851666666667,0,0,31.781833333333335,1156.231,4238.037333448727,3.8333333333333335,0.3,0.7333333333333334,7.733333333333333
AS14.27,2014-05-09,6.4,t=979-981,0.08597364547959367,2609.8081666666667,0.0,0,89.19,0.0,372.1408333333333,0,0,40.23916666666667,917.7275,3916.8478333950043,3.0,0.5,0.4777777777777778,7.377777777777777
AS14.27,2014-05-10,6.6,t=980-982,0.09042555996840473,2432.1918333333333,0.0,0,94.57416666666666,0.0,776.7225,0,1,48.74250000000001,1220.6686666666667,4528.620498935382,6.0,0.8999999999999999,0.10000000000000002,6.833333333333333
AS14.27,2014-05-11,7.0,t=981-983,0.09537037037037037,2543.933833333333,0.0,0,91.60866666666668,0.0,892.2491666666668,1,1,51.27133333333334,1219.2465,4914.837332725526,4.166666666666667,0.7999999999999999,-0.03333333333333333,6.599999999999999
AS14.27,2014-05-12,7.8,t=982-984,0.08823979009088988,3194.4801666666667,0.0,0,40.05783333333334,0.0,944.5300000000001,1,1,47.45516666666666,1272.6325,7127.256165941554,4.166666666666667,1.0999999999999999,0.1666666666666667,6.766666666666667
AS14.27,2014-05-13,6.8,t=983-985,0.09221307419426715,2618.2955,0.0,0,59.947833333333335,0.0,825.3576666666667,1,1,50.81833333333333,971.7016666666668,5611.847000877061,2.6666666666666665,0.5666666666666667,0.6333333333333333,7.333333333333333
AS14.27,2014-05-14,7.5,t=984-986,0.08146333786341713,2285.574,0.0,0,38.2935,0.0,827.1228333333333,0,1,49.24433333333334,983.5448333333333,4711.531500657398,4.333333333333333,0.6333333333333334,0.6,7.166666666666667
AS14.27,2014-05-15,7.0,t=985-987,0.08445043103448278,1622.9945,0.0,0,20.32,0.0,637.4053333333334,0,1,37.11566666666666,661.404,2984.7633338371907,2.3333333333333335,0.7666666666666666,0.6749999999999999,7.316666666666666
AS14.28,2014-04-03,8.0,t=986-988,0.0678363596461362,2386.8731666666667,476.0336666666667,1,184.02149999999997,0.0,2631.056666666667,1,1,96.02083333333333,2838.4143333333327,9122.005833427114,1.6666666666666667,-0.10000000000000002,0.20000000000000004,6.983333333333333
AS14.28,2014-04-04,5.75,t=987-989,0.11106341471425434,2850.7743333333333,798.438,1,97.30716666666666,0.0,2730.132,1,1,95.08416666666666,4929.172833333333,9978.447834213579,1.0,-0.06666666666666667,0.7583333333333333,7.516666666666667
AS14.28,2014-04-05,7.6,t=988-990,0.12002660285495291,4250.5795,729.7451666666666,1,107.68483333333336,0.0,2754.2825,1,1,103.98883333333333,4527.0935,11916.545001308123,1.8333333333333333,-0.2833333333333333,0.48333333333333334,6.675
AS14.28,2014-04-06,7.2,t=989-991,0.08075071918280739,3108.0231666666673,539.6901666666666,1,217.14300000000003,0.0,2376.036833333333,1,1,101.694,3635.0681666666665,10079.583999752998,1.0,-0.5666666666666668,0.6083333333333334,7.05
AS14.28,2014-04-07,8.0,t=990-992,0.03623077289625042,1952.6930000000002,387.814,1,133.97400000000002,0.0,2569.4158333333335,1,1,87.7975,1922.9313333333332,7907.861499389012,0.5,-0.65,0.5666666666666667,7.091666666666666
AS14.28,2014-04-08,7.8,t=991-993,0.0645611335262871,1953.9563333333335,721.4205000000001,1,136.1055,0.0,3106.3721666666665,1,1,72.58266666666667,6317.749666666666,9034.612166841825,0.0,-0.2333333333333333,0.9583333333333334,7.666666666666667
AS14.28,2014-04-09,7.0,t=992-994,0.08868970899274371,2682.275666666667,416.3403333333334,1,94.0815,0.0,2665.3263333333334,1,1,71.84433333333332,6743.102833333333,8494.996335228285,0.0,-0.13333333333333333,1.0166666666666666,7.766666666666666
AS14.28,2014-04-10,7.0,t=993-995,0.17348473837826606,2595.856333333333,295.6985,1,55.25366666666667,0.0,2098.1576666666665,1,1,143.41783333333333,5107.495833333333,10492.063000559805,0.5,-0.5333333333333333,1.0416666666666667,7.433333333333334
AS14.28,2014-04-11,7.4,t=994-996,0.2096815738907956,2548.9685,527.7085000000001,1,67.78316666666666,0.0,1625.0006666666666,1,1,118.59783333333333,3730.945333333333,9398.666999260584,0.3333333333333333,-0.8666666666666667,0.75,7.133333333333333
AS14.28,2014-04-12,7.8,t=995-997,0.28187257826342815,3920.070333333333,407.3043333333333,1,36.695499999999996,0.0,1572.5566666666666,1,1,119.79699999999998,3548.6638333333335,17412.012831966076,9.166666666666666,-0.7999999999999999,0.3333333333333333,7.2
AS14.28,2014-04-13,7.2,t=996-998,0.1669812096863881,3780.093166666667,431.31149999999997,1,511.08566666666667,0.0,2434.3856666666666,1,1,113.94850000000001,3841.1059999999998,15534.27749979496,6.0,-0.7416666666666667,0.7083333333333334,7.533333333333334
AS14.28,2014-04-14,6.8,t=997-999,0.08914843758349607,3823.5506666666665,308.90950000000004,1,517.9903333333333,0.0,2618.653333333333,1,1,101.48716666666667,2917.002,12922.243167559305,4.0,-0.65,0.7916666666666666,7.433333333333334
AS14.28,2014-04-15,6.8,t=998-1000,0.0734002184311489,4324.434833333333,183.68950000000004,1,337.59599999999995,0.0,2343.1221666666665,1,1,76.53616666666666,4098.039000000001,10607.606168190638,1.1666666666666667,-0.8250000000000001,0.7083333333333334,7.099999999999999
AS14.28,2014-04-16,6.2,t=999-1001,0.10107331702785123,3879.4644999999996,55.7775,1,566.1536666666667,0.0,2633.985166666667,1,1,85.02666666666666,3882.3365,10177.962167620657,0.6666666666666666,-0.5333333333333333,0.4916666666666667,6.866666666666667
AS14.28,2014-04-17,7.8,t=1000-1002,0.07471895488397662,3489.514833333333,734.0761666666667,1,332.17283333333336,0.0,3163.0825,1,1,72.15333333333334,3926.534166666667,10179.596333265305,0.16666666666666666,0.06666666666666665,0.016666666666666646,6.5
AS14.28,2014-04-18,5.8,t=1001-1003,0.08547591228102502,2644.2528333333335,830.02,1,237.99716666666666,0.0,3369.5063333333333,0,1,78.11166666666666,2976.9835,9775.627499302225,1.0,-0.08333333333333333,0.30833333333333335,7.099999999999999
AS14.28,2014-04-19,6.75,t=1002-1004,0.059336732706684055,2444.7666666666664,589.3935,1,540.9746666666666,0.0,2493.0538333333334,1,1,67.67683333333333,3318.7846666666665,10107.358498454092,0.6666666666666666,-0.16666666666666666,0.18333333333333335,6.533333333333334
AS14.28,2014-04-20,7.8,t=1003-1005,0.039845819665756045,1563.7501666666667,334.91766666666666,1,351.37550000000005,0.0,2090.6585,1,1,67.69583333333334,2737.376333333333,8198.991498907408,0.8333333333333334,-0.39999999999999997,0.2916666666666667,6.608333333333333
AS14.28,2014-04-21,8.0,t=1004-1006,0.02828212179425656,759.9431666666666,273.13166666666666,1,268.15183333333334,0.0,1931.4161666666666,1,1,55.60733333333334,2154.2104999999997,6593.372500022252,0.3333333333333333,-0.4000000000000001,0.611111111111111,7.116666666666667
AS14.28,2014-04-22,7.25,t=1005-1007,0.05168045644906902,776.1996666666668,169.0245,1,104.18616666666667,0.0,1679.7311666666665,1,1,71.63866666666667,1552.7506666666666,5298.48083392779,0.16666666666666666,-0.3416666666666666,0.888888888888889,7.7250000000000005
AS14.28,2014-04-23,7.0,t=1006-1008,0.10905930990032071,1799.7886666666666,856.0210000000002,0,81.3665,0.0,1918.7705000000003,1,1,60.99033333333333,4714.896500000001,10388.80199984709,0.0,-0.525,1.0,7.591666666666666
AS14.28,2014-04-24,8.0,t=1007-1009,0.11258450636706811,2640.7785,607.5646666666668,1,73.77633333333334,0.0,2175.1895,1,1,63.544999999999995,5187.142666666667,10698.38649968306,0.5,-0.125,1.0,7.25
AS14.28,2014-04-25,7.0,t=1008-1010,0.11747965904334833,3267.000666666667,519.6325,1,80.39483333333334,0.0,2623.1555,1,1,56.028166666666664,5310.345666666666,11377.408833543459,0.3333333333333333,-0.11388888888888891,1.0999999999999999,7.541666666666667
AS14.28,2014-04-26,8.0,t=1009-1011,0.12075554804050809,2133.3268333333335,180.0045,1,61.76533333333333,0.0,2197.5261666666665,1,1,57.63750000000001,3942.5671666666663,7533.802333394687,0.16666666666666666,-0.11111111111111112,1.0666666666666667,7.333333333333333
AS14.28,2014-04-27,7.25,t=1010-1012,0.07982213441261975,1164.0206666666666,119.96483333333333,1,55.90816666666666,11.632,1955.7461666666666,1,1,76.3295,2236.3035,5416.892166614532,0.0,-0.10000000000000002,1.0333333333333334,7.666666666666667
AS14.28,2014-04-28,7.5,t=1011-1013,0.05930528306068159,1121.5178333333333,311.1521666666667,1,51.68416666666666,7.754666666666666,1731.6556666666668,1,1,82.11416666666666,1377.2703333333332,9106.035499811172,0.0,0.09166666666666667,0.75,7.458333333333333
AS14.28,2014-04-29,7.0,t=1012-1014,0.06939409210130687,958.9193333333333,236.80100000000002,1,27.016166666666663,3.877333333333333,1012.8396666666667,1,1,379.4445,1355.3043333333333,6635.302166541419,0.0,-0.16666666666666666,0.8333333333333334,7.5
AS14.28,2014-04-30,6.2,t=1013-1015,0.039642575823141034,501.2833333333333,118.15816666666667,1,8.555333333333332,0.0,377.8500000000001,1,1,237.78216666666665,754.8403333333332,3188.905999938648,0.0,-0.225,0.8166666666666668,7.208333333333333
AS14.28,2014-05-01,6.4,t=1014-1016,0.030691916019508048,311.1845,12.499833333333333,0,0.0,0.0,444.5114999999999,1,0,153.619,390.20550000000003,1113.35033317407,0.0,-0.25,0.5333333333333333,6.683333333333334
AS14.28,2014-05-02,6.8,t=1015-1017,0.038944883028615936,1143.008,227.55249999999998,1,310.9955,0.0,1439.0443333333333,1,1,172.90983333333335,3283.6855,4683.9441660245275,0.5,-0.39999999999999997,0.4000000000000001,6.433333333333334
AS14.28,2014-05-03,7.4,t=1016-1018,0.06539516924598758,2047.903,206.20266666666666,1,308.8048333333333,0.0,2323.708166666667,1,1,261.94433333333336,4143.7995,7454.057333230972,0.8333333333333334,-0.48333333333333334,0.6666666666666666,6.566666666666666
AS14.28,2014-05-04,6.8,t=1017-1019,0.0641024068116766,2420.601,184.5533333333333,1,404.49533333333335,0.0,2282.9871666666663,1,1,199.441,4141.043000000001,8336.705166697504,1.5,-0.26666666666666666,0.9,7.033333333333334
AS14.28,2014-05-05,7.0,t=1018-1020,0.04638640572655097,1878.8023333333333,330.15066666666667,1,374.94900000000007,0.0,1875.1603333333333,1,1,167.82966666666667,3534.5725,8335.759832938515,0.8333333333333334,-0.2833333333333334,0.8333333333333334,7.0
AS14.28,2014-05-06,7.0,t=1019-1021,0.05075635757101044,1485.6151666666665,304.2661666666667,1,354.8551666666667,0.0,1658.8954999999999,1,1,380.24233333333336,2602.2743333333333,7243.051166097325,0.3333333333333333,0.11666666666666665,0.8888888888888888,7.0
AS14.28,2014-05-07,6.333333333333333,t=1020-1022,0.062239954027083516,1777.4616666666668,258.8555,1,174.62366666666665,0.0,1698.6053333333336,1,1,252.23783333333333,4244.812666666666,6852.170665899915,0.5,0.35000000000000003,0.9444444444444443,6.966666666666666
AS14.28,2014-05-08,6.5,t=1021-1023,0.04867643895938822,1735.8243333333332,136.2675,1,263.107,0.0,1955.2881666666665,1,1,186.1335,3625.0721666666664,6734.988166292511,0.8333333333333334,0.25,0.375,6.666666666666667
AS14.29,2014-04-05,8.2,t=1022-1024,0.09605714703244923,1190.2508333333333,87.2035,0,0.0,558.8765,1853.2699999999998,1,0,109.0915,90.52416666666669,3751.2888327042256,0.8333333333333334,-0.9166666666666666,0.7083333333333334,7.833333333333333
AS14.29,2014-04-06,7.75,t=1023-1025,0.11143172939528397,1815.95,57.355333333333334,0,0.0,686.3125,2291.6506666666664,1,0,89.95583333333333,102.62833333333333,5381.952999790511,1.3333333333333333,-0.18333333333333326,0.6916666666666668,7.974999999999999
AS14.29,2014-04-07,7.2,t=1024-1026,0.10979943788424874,2027.9631666666667,28.677666666666667,0,0.0,479.2838333333334,4813.586333333333,1,0,148.44366666666667,181.38433333333333,7695.8234997193,3.8333333333333335,0.05833333333333335,0.7916666666666666,7.941666666666666
AS14.29,2014-04-08,7.8,t=1025-1027,0.16089677742412323,2368.643,23.571,0,0.0,656.457,6498.539333333334,1,0,203.86716666666666,244.30083333333334,9907.610333561895,2.3333333333333335,-0.16666666666666663,0.5000000000000001,7.55
AS14.29,2014-04-09,7.6,t=1026-1028,0.1530258475205133,3454.9203333333335,364.11400000000003,0,0.0,1039.8100000000002,7054.853166666667,1,0,150.45666666666668,737.0781666666666,12755.94450032711,3.0,-0.6000000000000001,0.7000000000000001,7.591666666666666
AS14.29,2014-04-10,8.6,t=1027-1029,0.11262577290518598,3502.902,240.1236666666667,0,0.0,910.1155,5101.825333333333,1,0,94.13133333333333,566.4525,9631.777000546457,1.3333333333333333,-0.16666666666666666,0.5666666666666668,7.599999999999999
AS14.29,2014-04-11,7.2,t=1028-1030,0.12955099111072924,2796.030666666667,140.73383333333334,0,0.0,774.1456666666667,3946.500833333333,1,0,389.2575,489.70649999999995,8006.603165705998,2.6666666666666665,0.20000000000000004,0.9999999999999999,8.133333333333333
AS14.29,2014-04-12,8.25,t=1029-1031,0.07677100743851223,2439.668333333333,66.51933333333334,1,0.0,817.6456666666667,3278.8778333333335,0,0,276.17216666666667,193.85566666666668,6816.635665933291,1.3333333333333333,0.30000000000000004,0.8333333333333334,7.733333333333333
AS14.29,2014-04-13,8.2,t=1030-1032,0.09200168991761377,2085.0626666666667,90.00583333333333,1,0.0,587.2333333333332,1712.6540000000002,1,0,170.88933333333333,121.21633333333334,4846.960832476616,1.1666666666666667,0.6333333333333333,0.8083333333333332,7.958333333333333
AS14.29,2014-04-14,8.0,t=1031-1033,0.07915008389271026,2253.922666666667,48.968333333333334,1,0.0,541.6868333333333,2506.379,1,0,63.82933333333333,223.77416666666667,7624.170665621755,0.3333333333333333,0.3666666666666667,0.65,8.049999999999999
AS14.29,2014-04-15,8.25,t=1032-1034,0.11482204270369722,2138.251166666667,61.865500000000004,0,0.0,623.6774999999999,3960.3873333333336,1,0,120.8845,314.694,8090.854333281517,0.16666666666666666,-0.2333333333333334,0.8250000000000001,8.108333333333333
AS14.29,2014-04-16,7.8,t=1033-1035,0.15824327712607142,3250.5348333333336,52.06966666666667,0,0.0,761.3348333333333,4360.9591666666665,1,0,107.82749999999999,233.92133333333334,9079.801498254139,0.5,-0.5166666666666667,0.9333333333333332,8.158333333333333
AS14.29,2014-04-17,7.6,t=1034-1036,0.10526551033175878,3338.5854999999997,1111.113,1,0.0,718.6866666666666,4769.026666666667,1,0,119.865,262.493,10331.626665234564,3.3333333333333335,-0.3,1.0,7.983333333333333
AS14.29,2014-04-18,8.0,t=1035-1037,0.09585882277162013,6185.527666666666,739.3360000000001,1,0.0,760.2531666666667,3701.027666666667,1,0,88.19083333333333,231.75266666666667,8667.400332530337,5.166666666666667,0.3166666666666667,0.9,7.7749999999999995
AS14.29,2014-04-19,7.0,t=1036-1038,0.11759307868851336,4892.402833333333,611.8765,1,0.0,1078.1561666666666,4063.495666666667,1,0,94.343,391.2586666666666,8596.248166799543,4.0,0.1416666666666667,0.5583333333333333,7.833333333333333
AS14.29,2014-04-20,7.5,t=1037-1039,0.10445412573083324,3499.325833333334,166.349,0,0.0,17244.077833333333,4134.479833333334,1,0,92.09949999999999,392.0163333333333,7808.935166597364,3.6666666666666665,-0.24999999999999997,0.3166666666666667,7.433333333333334
AS14.29,2014-04-21,7.2,t=1038-1040,0.053616451444567996,1698.5993333333333,81.31533333333333,0,0.0,11432.807,3007.945333333333,1,0,92.7935,244.7411666666667,5545.24100001653,1.6666666666666667,-0.4916666666666667,0.48333333333333334,7.416666666666667
AS14.29,2014-04-22,6.4,t=1039-1041,0.06999321519795657,1314.036,0.0,0,0.0,5781.842333333334,2277.8963333333336,1,0,138.7351666666667,100.72833333333331,4152.752500136695,0.6666666666666666,-0.26666666666666666,0.4833333333333334,7.266666666666667
AS14.29,2014-04-23,7.6,t=1040-1042,0.12155716553880869,3009.7963333333337,78.445,0,0.0,1015.9503333333333,2913.0621666666666,1,0,100.85283333333332,860.8573333333333,8237.025333046913,7.0,-0.18333333333333335,0.25833333333333336,6.8500000000000005
AS14.29,2014-04-24,7.8,t=1041-1043,0.12135498386124648,3491.9053333333336,251.1736666666667,0,0.0,1435.6211666666668,3690.700666666666,1,0,66.11683333333333,759.9251666666665,10951.926833709082,7.166666666666667,0.2333333333333333,0.36666666666666664,7.133333333333333
AS14.29,2014-04-25,7.5,t=1042-1044,0.15265468706760146,3780.3115,703.2175000000001,0,0.0,1355.3628333333334,3599.584666666667,1,0,44.7655,618.5571666666666,10965.879834930105,5.5,0.26666666666666666,0.7000000000000001,7.5
AS14.29,2014-04-26,6.0,t=1043-1045,0.1605602878293826,2979.321,429.282,0,0.0,951.4608333333334,1801.8333333333333,1,0,45.61683333333334,488.53899999999993,7163.905668179196,2.3333333333333335,0.16666666666666666,0.8083333333333332,7.616666666666667
AS14.29,2014-04-27,6.5,t=1044-1046,0.22080574953339094,3131.1691666666666,181.49483333333333,0,0.0,914.5821666666666,3176.126,1,0,101.23183333333334,539.417,8146.3530020713815,3.8333333333333335,0.03333333333333333,0.4166666666666667,6.8
AS14.29,2014-04-28,7.0,t=1045-1047,0.13974416900999997,1988.1396666666667,158.951,0,0.0,713.4373333333333,4235.9645,1,0,86.18166666666667,933.8178333333334,7685.606667757034,2.1666666666666665,-0.375,0.125,6.5
AS14.29,2014-04-29,7.6,t=1046-1048,0.09925046007417222,1803.0616666666665,870.0778333333334,0,0.0,686.5285,3782.5699999999997,1,0,70.31416666666667,831.341,7853.949501037597,1.0,-0.45,0.20000000000000004,6.666666666666667
AS14.29,2014-04-30,7.8,t=1047-1049,0.1380083462539315,2408.7663333333335,1622.8721666666668,1,0.0,1119.488,3217.093333333333,1,0,50.803666666666665,1375.7218333333333,9635.74516590436,0.5,-0.05833333333333331,0.5333333333333333,7.216666666666666
AS14.29,2014-05-01,7.6,t=1048-1050,0.12824728937919946,3009.079666666667,1052.426666666667,1,0.0,996.0418333333333,3523.2996666666663,1,0,55.64366666666666,1287.631,9813.771999438603,1.8333333333333333,-0.13333333333333336,0.43333333333333335,7.599999999999999
AS14.29,2014-05-02,7.6,t=1049-1051,0.13107602297061355,3714.647833333333,413.9841666666667,1,0.0,1600.1501666666666,2440.4996666666666,1,0,46.064166666666665,852.7015000000001,8102.7644990285235,1.1666666666666667,-0.06666666666666667,0.4000000000000001,7.666666666666667
AS14.29,2014-05-03,8.0,t=1050-1052,0.21964672649693218,2233.9948333333336,30.245166666666666,0,0.0,1186.504,1203.8336666666667,1,0,21.934166666666666,1125.3805,5225.29649968942,4.0,-0.06666666666666667,0.3666666666666667,7.633333333333333
AS14.29,2014-05-04,8.0,t=1051-1053,0.27474608962484637,1066.5796666666665,17.1585,0,0.0,3604.1231666666663,342.3661666666667,1,0,12.884333333333332,1105.9573333333335,3039.492833415667,3.3333333333333335,0.5,0.7000000000000001,7.8
AS14.29,2014-05-05,7.333333333333333,t=1052-1054,0.3371737340182302,841.4090000000001,11.439,0,0.0,5078.554833333333,541.5966666666667,1,0,18.264999999999997,790.9766666666668,2737.152333577474,5.833333333333333,-0.16666666666666666,0.9,7.933333333333334
AS14.29,2014-05-06,7.333333333333333,t=1053-1055,0.27988940782260047,1313.4361666666666,5.7195,0,0.0,3313.4083333333333,1352.9261666666666,1,0,32.4455,742.7761666666667,4123.9406668742495,16.0,-0.3333333333333333,0.8333333333333334,7.666666666666667
AS14.29,2014-05-07,7.8,t=1054-1056,0.1784505266747675,1769.6528333333335,0.0,0,0.0,2120.534,2634.968833333334,1,0,19.5635,444.24216666666666,9411.9031667312,10.0,-0.4444444444444444,0.7222222222222222,7.444444444444444
AS14.29,2014-05-08,7.8,t=1055-1057,0.08287317491669206,1163.6478333333332,0.0,0,0.0,819.6435,2103.847166666667,1,0,505.199,208.8895,6999.137333512306,4.333333333333333,-0.26666666666666666,0.7333333333333334,7.566666666666666
AS14.29,2014-05-09,7.4,t=1056-1058,0.08532718552351182,2761.4815000000003,6.5625,0,0.0,1346.72,2546.5674999999997,0,0,348.9926666666667,118.12016666666666,7910.18833510081,1.5,0.07777777777777779,0.8777777777777778,7.722222222222221
AS14.29,2014-05-10,7.0,t=1057-1059,0.07411081125138215,4208.131,645.231,1,0.0,846.1341666666667,3275.543666666667,0,0,673.188,272.89966666666663,9753.139668544138,1.5,-0.10000000000000002,0.7666666666666666,7.6000000000000005
AS14.29,2014-05-11,7.0,t=1058-1060,0.10020856175120862,6014.538666666667,443.50333333333333,1,0.0,1103.4766666666667,5465.048166666667,0,0,441.07899999999995,347.32300000000004,13690.242667357126,1.8333333333333333,-0.16666666666666666,0.5666666666666668,7.266666666666667
AS14.29,2014-05-12,7.6,t=1059-1061,0.058079016536016576,4577.271166666666,223.00433333333334,1,0.0,761.7418333333334,5802.4195,1,0,266.327,270.394,11909.067166805267,0.8333333333333334,-0.5333333333333333,0.43333333333333335,7.066666666666666
AS14.29,2014-05-13,8.2,t=1060-1062,0.10020679720133713,5198.037666666667,433.61283333333336,0,0.0,902.0648333333334,5697.892499999999,1,0,77.81533333333333,499.9661666666666,12495.966000159582,3.3333333333333335,-0.4000000000000001,0.6000000000000001,7.3
AS14.29,2014-05-14,7.6,t=1061-1063,0.10999196302607624,5669.404166666667,312.5701666666667,0,0.0,845.332,6265.192166666668,1,0,281.0245,487.4966666666666,12592.111000180244,6.0,0.09999999999999994,0.7333333333333334,7.8
AS14.29,2014-05-15,6.0,t=1062-1064,0.12583534863966642,3232.238,160.72233333333335,0,0.0,453.0666666666666,3338.546,1,0,177.9658333333333,263.795,6639.697833458583,3.6666666666666665,0.26666666666666666,0.6000000000000001,7.8
AS14.30,2014-03-23,7.8,t=1063-1065,0.1948602262363377,5669.968,2774.8038333333334,1,0.0,38.023,1643.4641666666666,0,0,823.6675,1145.263333333333,11644.296166380243,2.0,-0.47777777777777786,1.0666666666666667,7.566666666666666
AS14.30,2014-03-24,7.8,t=1064-1066,0.16960277405265303,5850.647499999999,4235.057333333333,0,0.0,0.0,2502.9891666666667,0,1,900.2705,1132.9063333333334,14494.418166081106,0.8333333333333334,-0.6333333333333333,1.0333333333333334,7.733333333333333
AS14.30,2014-03-25,8.0,t=1065-1067,0.14925484955926893,6122.463499999999,3713.577333333333,1,0.0,68.725,3153.142166666667,0,1,1175.493333333333,1198.326,15629.293666283289,0.0,-0.43333333333333335,1.0,7.766666666666666
AS14.30,2014-03-26,6.8,t=1066-1068,0.1353077385956087,7434.928333333333,3461.461,1,0.0,45.81666666666666,2770.6665,0,1,894.0516666666666,1507.7876666666664,15843.48900036017,1.0,-0.26666666666666666,1.0,7.8999999999999995
AS14.30,2014-03-27,7.75,t=1067-1069,0.16918851491405426,7937.804166666666,2897.2235,1,0.0,152.60933333333332,2886.940666666667,0,1,1063.4916666666666,1569.8639999999998,18068.376500527058,8.166666666666666,0.0,0.7999999999999999,7.366666666666667
AS14.30,2014-03-28,7.8,t=1068-1070,0.1693981983599411,8415.540333333332,3249.9925000000003,1,0.0,104.58833333333332,3354.143666666667,0,1,737.2195,1582.8239999999998,18335.670333703358,6.333333333333333,-0.3416666666666666,0.8666666666666667,7.4750000000000005
AS14.30,2014-03-29,8.4,t=1069-1071,0.211068226705737,8000.9615,2735.9336666666672,1,0.0,89.57583333333332,2852.3495000000003,1,1,698.408,1512.4165,18168.947667241096,4.166666666666667,-0.21666666666666667,0.9333333333333332,7.616666666666667
AS14.30,2014-03-30,7.6,t=1070-1072,0.17575345930070094,8712.643166666667,3790.2231666666667,1,0.0,141.45483333333334,2194.817666666667,1,0,352.224,1159.918,17601.06516734759,2.0,-0.8249999999999998,1.0,8.091666666666667
AS14.30,2014-03-31,7.6,t=1071-1073,0.14190103188548658,6756.9214999999995,3692.187,1,0.0,108.59250000000002,2009.412833333333,1,1,293.99016666666665,1011.0603333333333,14620.374500989916,4.0,-1.0666666666666667,1.0,7.8999999999999995
AS14.30,2014-04-01,7.8,t=1072-1074,0.17689718030931578,7846.491333333334,2643.7135,0,0.0,52.27316666666667,1519.7643333333333,1,1,332.80833333333334,898.418,13298.43016735713,2.3333333333333335,-1.0333333333333334,1.0,7.733333333333333
AS14.30,2014-04-02,7.6,t=1073-1075,0.1755232252454572,6210.628333333334,3633.8058333333333,1,0.0,7.374333333333333,1287.4023333333332,1,1,464.789,2880.985666666666,12714.768500010172,5.0,-1.0666666666666667,1.0999999999999999,7.699999999999999
AS14.30,2014-04-03,8.0,t=1074-1076,0.1733421441388037,5061.161166666668,3319.0200000000004,1,0.0,0.0,913.7738333333333,1,0,714.1078333333335,2098.215166666667,10992.728332400322,2.6666666666666665,-0.8333333333333334,0.8666666666666666,7.666666666666667
AS14.30,2014-04-04,7.8,t=1075-1077,0.14335959070404694,3924.4705,4526.286166666668,1,0.0,52.51399999999999,1904.1413333333333,1,0,865.8901666666667,1817.0224999999998,12401.294333179781,1.8333333333333333,-0.3,0.9,7.833333333333333
AS14.30,2014-04-05,8.0,t=1076-1078,0.14028518614057708,4380.552666666667,4722.823666666667,1,0.0,35.00933333333333,1827.3668333333333,1,0,700.9743333333334,1509.037833333333,14151.351666768387,1.8333333333333333,-0.6333333333333333,0.9333333333333332,7.833333333333333
AS14.30,2014-04-06,8.0,t=1077-1079,0.10215025434705066,3234.2028333333333,4567.484166666666,1,239.413,22.541166666666665,1602.1381666666666,1,0,574.1661666666666,1407.5725,12304.294833103819,2.1666666666666665,-0.7666666666666666,1.0,7.933333333333334
AS14.30,2014-04-07,7.6,t=1078-1080,0.09179224841649264,2424.0885,4012.444333333333,1,1126.5981666666667,3.357666666666667,1203.762,1,1,379.52399999999994,1247.3053333333335,10886.978166659677,1.1666666666666667,-1.0666666666666667,1.0,7.966666666666666
AS14.30,2014-04-08,7.8,t=1079-1081,0.10258035608629805,5520.648333333334,3287.544,1,1116.292,1.6788333333333334,1061.8001666666667,1,1,372.0595,1605.5720000000001,13155.840000549952,0.3333333333333333,-0.5333333333333333,1.0,7.8
AS14.30,2014-04-09,7.75,t=1080-1082,0.135335019136025,6919.265166666667,3116.3036666666667,1,1319.6315000000002,0.0,1191.0518333333332,1,1,565.4203333333332,2834.6873333333338,15211.129999717077,0.0,-0.5,1.0,7.766666666666666
AS14.30,2014-04-10,8.2,t=1081-1083,0.15380070513985877,6839.230333333333,3602.5015,1,1893.9388333333336,2.0055,1383.9206666666666,1,1,862.093,2782.9623333333334,17205.398665706318,4.0,-0.45,1.0,7.741666666666667
AS14.30,2014-04-11,7.666666666666667,t=1082-1084,0.146925599212861,4992.588166666667,3891.0626666666662,1,1620.2335,1.337,1445.0333333333335,1,0,690.0996666666666,1807.3646666666666,14463.90983315309,3.6666666666666665,-0.7666666666666666,1.0,7.983333333333333
AS14.30,2014-04-12,7.8,t=1083-1085,0.14472026468228985,7205.303166666666,3501.7286666666664,1,2059.845333333333,0.6685,1650.0111666666664,1,1,504.15316666666666,1763.0290000000002,16530.69833322366,4.0,-0.75,0.8333333333333334,7.858333333333333
AS14.30,2014-04-13,7.2,t=1084-1086,0.1018458841707141,5557.8015000000005,3094.1229999999996,1,2398.1366666666668,0.0,1745.1371666666666,1,1,270.15433333333334,1429.2921666666668,14250.542333841324,1.6666666666666667,-0.8888888888888888,0.9888888888888888,7.822222222222222
AS14.30,2014-04-14,7.75,t=1085-1087,0.08434610570171526,3681.907333333333,3295.393,1,2305.811,23.641000000000002,1677.1156666666666,0,1,222.04999999999998,1216.5236666666667,12213.873999913534,1.1666666666666667,-1.2444444444444445,1.011111111111111,7.477777777777778
AS14.30,2014-04-15,7.6,t=1086-1088,0.12192681018081376,4110.6365,3003.0766666666664,1,1437.9983333333332,15.760666666666665,1616.5955000000001,0,0,181.5295,1116.3868333333332,11409.304333408674,0.3333333333333333,-0.8250000000000001,1.0333333333333334,7.575
AS14.30,2014-04-16,8.4,t=1087-1089,0.1312509133161794,5967.281833333333,3036.5563333333334,1,654.1343333333333,62.240833333333335,1631.8446666666666,1,0,1956.0408333333332,1454.1078333333332,13471.20699954033,2.1666666666666665,-1.0499999999999998,1.0,7.583333333333333
AS14.30,2014-04-17,7.6,t=1088-1090,0.16517270023347103,6495.543333333332,3154.9611666666665,1,813.6225,36.24033333333333,1387.9951666666666,1,0,1550.5478333333333,1547.3583333333333,13889.854666074121,2.3333333333333335,-0.7083333333333334,1.2,8.025
AS14.30,2014-04-18,7.4,t=1089-1091,0.1649657199312251,6009.341,5629.994500000001,1,1269.628,18.120166666666666,1552.7276666666667,1,0,1166.3156666666666,1728.9311666666665,16824.348666866623,1.3333333333333333,-0.7666666666666667,1.1333333333333333,7.866666666666666
AS14.30,2014-04-19,7.8,t=1090-1092,0.1063369157622449,5189.008000000001,6382.2885,1,1023.069,0.0,2340.9008333333336,0,0,1159.5566666666666,1322.0008333333333,17583.096833745636,0.3333333333333333,-0.9333333333333332,1.0666666666666667,7.633333333333334
AS14.30,2014-04-20,7.75,t=1091-1093,0.09054241459370065,3380.6176666666665,5524.833333333333,1,1096.4276666666667,0.0,2425.671,0,1,814.686,1076.6111666666666,14793.34833347798,0.5,-1.1333333333333333,1.0,7.633333333333333
AS14.30,2014-04-21,7.8,t=1092-1094,0.09472402824303942,3864.513166666666,4112.433166666667,1,1429.091333333333,0.0,1892.554666666667,0,1,517.9163333333333,939.3995,13683.624833067259,0.3333333333333333,-1.2249999999999999,1.0,7.708333333333333
AS14.30,2014-04-22,8.0,t=1093-1095,0.10858890432454528,6303.760333333333,3236.670666666667,1,823.0216666666666,0.0,1943.9303333333335,0,1,880.9001666666667,886.8613333333333,13608.274666905403,0.16666666666666666,-1.4166666666666667,1.0,7.783333333333334
AS14.30,2014-04-23,7.6,t=1094-1096,0.1295516166300165,6010.738,2384.8793333333333,1,304.37399999999997,0.0,1655.7339999999997,0,0,954.1394999999999,1093.2383333333335,12450.705833435057,2.5,-1.1416666666666668,1.0999999999999999,7.891666666666667
AS14.30,2014-04-24,8.2,t=1095-1097,0.11487984345463453,5422.415166666667,2402.9736666666668,1,47.969666666666676,0.0,1832.8938333333335,0,0,588.3741666666666,946.6168333333335,11123.034500281012,1.6666666666666667,-1.2333333333333332,1.0666666666666667,7.766666666666666
AS14.30,2014-04-25,7.5,t=1096-1098,0.12307969361237664,5364.748,1963.0933333333335,1,36.095,0.0,2237.2233333333334,0,0,219.02783333333332,755.5415000000002,10793.056667844454,0.8333333333333334,-1.2,1.1333333333333333,7.966666666666666
AS14.30,2014-04-26,7.8,t=1097-1099,0.13090623161787737,4695.045000000001,3931.568333333333,1,131.86733333333333,0.0,1881.2666666666667,1,0,300.761,1434.0141666666666,12487.050168196358,0.0,-1.1333333333333333,1.0666666666666667,7.75
AS14.30,2014-04-27,7.8,t=1098-1100,0.2419644542420819,4250.222833333333,4280.982666666667,1,76.89366666666668,5.5165,1641.3871666666666,1,1,565.9556666666666,9909.965,12903.688167889917,1.0,-1.1333333333333333,1.0333333333333334,7.766666666666666
AS14.30,2014-04-28,8.0,t=1099-1101,0.2015983332728367,2843.1468333333337,5254.175333333334,0,37.6865,3.6776666666666666,1201.2178333333334,1,1,469.13899999999995,7098.132833333333,12688.699500521028,1.1666666666666667,-1.0666666666666667,1.0,7.75
AS14.30,2014-04-29,8.0,t=1100-1102,0.2013823445049654,2661.5158333333334,4782.888,1,534.5955,4.430833333333333,1691.2690000000002,1,1,322.9223333333333,5371.1885,12742.240166227028,2.6666666666666665,-1.0333333333333334,1.0,7.8999999999999995
AS14.30,2014-04-30,7.8,t=1101-1103,0.17440379144620197,4688.735166666666,3674.347666666667,1,678.452,1.728,1519.2003333333334,1,1,490.1141666666667,2605.6211666666663,13756.459832469629,2.0,-1.0,1.0,7.966666666666666
AS14.30,2014-05-01,8.2,t=1102-1104,0.17148660206713226,5306.3893333333335,2941.015,1,392.90183333333334,3.3745,1693.0763333333334,1,0,539.5633333333334,3902.2814999999996,13640.851333260538,4.0,-1.0999999999999999,1.0,7.8999999999999995
AS14.30,2014-05-02,8.0,t=1103-1105,0.1637438755769133,5907.508833333333,2849.009,1,406.0701666666667,1.6736666666666666,1595.5510000000002,1,0,898.9845,3285.505833333333,15095.940500617022,3.6666666666666665,-1.0666666666666667,1.0,8.033333333333333
AS14.30,2014-05-03,7.8,t=1104-1106,0.14915223780834153,6182.035500000001,5008.668166666666,1,288.2046666666667,0.8368333333333333,1695.1319999999998,1,0,528.6078333333334,2376.165333333334,16341.21916671593,3.0,-1.0333333333333334,1.0,8.033333333333333
AS14.30,2014-05-04,7.8,t=1105-1107,0.16346221650203666,3745.3285,4248.405666666667,1,172.04,0.0,1413.5211666666667,1,0,271.719,1092.4816666666668,11263.880166490868,2.6666666666666665,-1.0999999999999999,1.0,7.933333333333333
AS14.30,2014-05-05,8.0,t=1106-1108,0.18816500601641928,1760.0919999999999,3132.317333333333,1,38.416,0.0,1174.2508333333333,1,0,207.82916666666665,714.8643333333333,7057.737833380698,1.3333333333333333,-1.2666666666666666,1.0,7.833333333333333
AS14.31,2014-04-05,7.4,t=1107-1109,0.1725387470228633,543.1021666666666,158.29066666666668,1,0.0,0.0,180.50300000000001,0,0,73.04183333333334,861.1388333333333,7958.297666629153,2.1666666666666665,0.4000000000000001,0.6444444444444445,6.711111111111111
AS14.31,2014-04-06,6.6,t=1108-1110,0.19945280562384748,548.4215,185.86683333333335,1,0.0,165.50900000000001,83.98649999999999,1,0,97.87516666666669,1161.7291666666667,5969.9331668615305,3.6666666666666665,0.6333333333333334,0.6,7.066666666666667
AS14.31,2014-04-07,6.6,t=1109-1111,0.18710003951177945,680.9623333333334,172.90716666666665,1,0.0,110.33933333333334,44.15766666666667,1,0,69.961,1649.3886666666665,6175.492999911306,3.0,0.3333333333333333,0.3666666666666667,6.8999999999999995
AS14.31,2014-04-08,7.0,t=1110-1112,0.16984021624391477,816.6316666666667,105.96050000000001,1,0.0,55.16966666666667,35.79533333333333,1,0,43.609,1361.5201666666665,6280.910333474477,3.0,0.23333333333333336,0.26666666666666666,6.733333333333333
AS14.31,2014-04-09,7.0,t=1111-1113,0.14844905810179918,886.9705,182.63083333333336,1,0.0,12.234,177.32983333333334,0,0,138.18933333333334,1389.5226666666665,4737.074832836788,1.8333333333333333,0.36666666666666664,0.39999999999999997,6.8
AS14.31,2014-04-10,7.2,t=1112-1114,0.18202411241925984,1619.0465000000002,221.93449999999999,1,0.0,14.309000000000003,227.83083333333335,0,0,121.92149999999998,1301.9776666666667,4000.5161660114936,1.3333333333333333,0.3333333333333333,0.5333333333333333,6.933333333333334
AS14.31,2014-04-11,7.8,t=1113-1115,0.19773755525630352,3218.4863333333337,206.612,1,0.0,43.947,280.4295,0,0,97.18816666666665,1996.4821666666667,8560.61099886894,3.0,0.3666666666666667,0.6,7.1000000000000005
AS14.31,2014-04-12,7.0,t=1114-1116,0.23994543618426356,4648.045833333334,173.38250000000002,1,0.0,121.59216666666667,300.59083333333336,0,0,76.44583333333333,4798.986166666667,12001.869332194323,7.833333333333333,0.4666666666666666,0.8999999999999999,7.466666666666666
AS14.31,2014-04-13,6.8,t=1115-1117,0.23488140024693913,3341.7481666666667,80.34566666666666,1,0.0,86.75450000000001,168.48766666666668,0,0,44.10783333333333,3257.8901666666666,10915.193666060766,7.333333333333333,0.5666666666666667,0.9,7.3
AS14.31,2014-04-14,6.2,t=1116-1118,0.3063349461735642,1608.3531666666668,260.43666666666667,1,0.0,46.41316666666666,75.67883333333333,0,0,49.189666666666675,2359.2128333333335,9165.310666600863,6.666666666666667,0.0,0.9666666666666667,7.033333333333334
AS14.31,2014-04-15,7.0,t=1117-1119,0.22269234856027187,1236.1548333333333,253.11733333333333,1,0.0,14.114166666666668,263.9175,0,0,124.65783333333336,1537.3419999999999,7701.914999683698,3.8333333333333335,-0.5000000000000001,0.4666666666666666,6.533333333333334
AS14.31,2014-04-16,6.75,t=1118-1120,0.1844500940735371,1206.372,157.77599999999998,1,0.0,6.162,171.92583333333334,0,0,86.62366666666668,1225.9425,4920.32299943765,2.1666666666666665,-0.3666666666666667,0.5416666666666666,6.7
AS14.31,2014-04-17,7.0,t=1119-1121,0.15302191400049173,1754.6033333333335,91.62116666666668,1,0.0,43.63649999999999,105.55283333333334,0,0,143.567,1485.3653333333332,4293.1534996032715,2.1666666666666665,-0.13333333333333333,0.5,6.741666666666667
AS14.31,2014-04-18,6.8,t=1120-1122,0.16731117439915497,1929.1353333333336,176.72400000000002,1,0.0,36.36033333333333,53.29050000000001,0,0,107.89966666666668,1287.7659999999998,3732.484499414762,1.6666666666666667,0.3,0.7916666666666666,6.916666666666667
AS14.31,2014-04-19,7.8,t=1121-1123,0.1267021718163722,2699.6913333333337,1093.5353333333333,1,0.0,19.601499999999998,145.65416666666667,0,0,128.55116666666666,10458.625000000002,7274.3203326861085,2.8333333333333335,0.3,0.8166666666666668,6.858333333333333
AS14.31,2014-04-20,8.0,t=1122-1124,0.2885971889324475,2164.117166666667,714.8238333333334,1,0.0,2.8426666666666662,91.92116666666668,0,0,81.38816666666666,7259.251166666668,5307.571666558585,3.5,0.5666666666666668,1.0333333333333332,7.333333333333333
AS14.31,2014-04-21,6.4,t=1123-1125,0.3695270280330131,2508.574666666667,395.21566666666666,0,0.0,45.2545,113.22616666666669,1,0,65.74633333333334,4765.324833333334,5390.086667021118,2.0,0.8999999999999999,1.3333333333333333,7.733333333333333
AS14.31,2014-04-22,7.0,t=1124-1126,0.2727958412198092,2541.597,449.16066666666666,1,0.0,163.03366666666668,143.60516666666666,1,0,192.41983333333334,3297.9491666666668,6769.227167248726,2.1666666666666665,0.6333333333333334,0.9333333333333335,7.166666666666667
AS14.31,2014-04-23,7.0,t=1125-1127,0.17961861889247246,2545.8508333333334,429.92533333333336,1,0.0,107.71483333333333,254.50416666666663,1,0,289.18533333333335,3143.1681666666664,8755.603833357494,3.0,0.26666666666666666,0.9,6.966666666666666
AS14.31,2014-04-24,6.5,t=1126-1128,0.1388368842411111,2791.5981666666667,255.85433333333333,1,0.0,276.84316666666666,161.59083333333334,0,0,201.16333333333333,3234.111833333333,7993.586000283559,2.3333333333333335,0.4333333333333334,0.9,6.8999999999999995
AS14.31,2014-04-25,7.0,t=1127-1129,0.14178320327438299,3039.7675000000004,144.74016666666668,1,0.0,156.59033333333332,78.3175,1,0,99.945,2500.5768333333335,6647.242333610852,1.5,0.39166666666666666,0.875,6.75
AS14.31,2014-04-26,7.0,t=1128-1130,0.18478195937873357,3211.9463333333333,376.11716666666666,1,0.0,77.9535,46.993500000000004,1,0,128.24283333333332,3661.44,6993.878333648046,6.0,0.7166666666666667,0.9166666666666666,6.833333333333333
AS14.31,2014-04-27,7.4,t=1129-1131,0.33993884871647334,3427.7690000000002,264.0625,1,0.0,2.6764999999999994,78.61416666666666,1,0,151.1525,4134.547666666666,8313.113167524338,12.833333333333334,0.5416666666666666,0.9583333333333334,6.916666666666667
AS14.31,2014-04-28,6.8,t=1130-1132,0.24231499213515587,2510.7353333333335,367.6508333333333,1,0.0,14.450999999999999,173.45966666666666,1,0,200.3763333333333,3176.0116666666668,6526.569166978202,8.833333333333334,0.7777777777777777,1.0999999999999999,7.2
AS14.31,2014-04-29,7.0,t=1131-1133,0.17026983925754213,1987.8815000000002,387.95616666666666,1,0.0,52.514833333333335,114.93816666666667,1,0,767.7646666666666,2249.7703333333334,5620.749332666397,4.666666666666667,0.7888888888888891,0.9666666666666668,7.033333333333334
AS14.31,2014-04-30,7.0,t=1132-1134,0.11315140036730949,1895.2206666666668,403.769,1,0.0,42.63966666666666,148.12316666666666,0,0,651.1951666666665,1632.348,4629.185999592145,4.0,0.6,0.9666666666666667,7.0
AS14.31,2014-05-01,7.0,t=1133-1135,0.12753156895496234,1693.436333333333,290.55783333333335,1,0.0,107.09833333333334,137.11783333333332,1,0,601.6561666666666,2670.5931666666665,5636.858833312991,2.8333333333333335,0.4444444444444445,0.8666666666666667,6.966666666666666
AS14.31,2014-05-02,7.0,t=1134-1136,0.0874416278776421,1658.1274999999998,221.76283333333333,1,0.0,70.43150000000001,85.591,1,0,256.7228333333333,2491.2115,4961.719833453498,2.8333333333333335,0.5888888888888889,0.9333333333333332,7.0
AS14.31,2014-05-03,7.4,t=1135-1137,0.15133338179445818,2032.479833333333,176.13183333333333,1,0.0,53.340666666666664,404.8198333333334,1,0,119.05066666666669,2413.142333333333,9472.095166722933,2.1666666666666665,0.8333333333333334,0.9666666666666667,7.0
AS14.31,2014-05-04,7.2,t=1136-1138,0.11359914094117457,1316.329,84.63583333333334,1,0.0,16.3475,280.4875,1,0,151.1625,1996.799166666667,6384.112000107766,1.1666666666666667,0.9666666666666667,1.0999999999999999,7.2
AS14.31,2014-05-05,7.0,t=1137-1139,0.061226656370449606,554.9516666666667,26.34566666666667,1,0.0,6.7379999999999995,143.37316666666666,1,0,94.14550000000001,1074.813,3115.2691668669395,0.3333333333333333,0.9,1.0666666666666667,7.233333333333334
AS14.31,2014-05-07,6.75,t=1138-1140,0.016367147487632475,71.24416666666667,0.0,0,0.0,0.35200000000000004,8.863833333333334,0,0,51.566166666666675,399.9168333333333,565.4048333565402,0.0,0.8083333333333332,1.0333333333333334,7.133333333333333
AS14.31,2014-05-13,7.0,t=1139-1141,0.0,0.0,0.0,0,0.0,0.0,0.0,0,0,0.0,0.0,0.0,0.0,0.7999999999999999,1.0,7.0555555555555545
AS14.31,2014-05-14,7.0,t=1140-1142,0.0,0.0,0.0,0,0.0,0.0,0.0,0,0,0.0,0.0,0.0,0.0,0.9,1.0,7.0
AS14.31,2014-05-15,7.0,t=1141-1143,0.0,0.0,0.0,0,0.0,0.0,0.0,0,0,0.0,0.0,0.0,0.0,1.0,1.0,7.0
AS14.31,2014-05-17,7.0,t=1142-1144,0.0,0.0,0.0,0,0.0,0.0,0.0,0,0,0.0,0.0,0.0,0.0,0.75,1.0,7.0
AS14.32,2014-04-04,8.0,t=1143-1145,0.11173642569637314,2421.8713333333335,3444.4600000000005,0,0.0,52.35916666666666,2.1998333333333333,1,0,128.56183333333334,384.8838333333333,5008.934498627981,4.5,-0.2916666666666667,0.5,7.666666666666667
AS14.32,2014-04-05,8.4,t=1144-1146,0.10230307972502166,2973.804,2350.8133333333335,0,0.0,28.433166666666665,30.661999999999995,1,0,80.5865,356.7341666666666,5307.12183336417,4.666666666666667,-0.3333333333333333,0.4166666666666667,7.833333333333333
AS14.32,2014-04-06,7.6,t=1145-1147,0.07474829365935752,2336.552,1431.9301666666668,0,0.0,9.695,119.83533333333334,1,0,103.73083333333334,699.2796666666667,4454.061833580336,4.666666666666667,0.49166666666666653,0.9499999999999998,8.200000000000001
AS14.32,2014-04-07,7.0,t=1146-1148,0.06546372590244669,2389.4598333333333,960.8236666666667,0,0.0,0.0,170.93583333333333,1,0,88.23966666666666,712.8336666666668,4579.6436659892415,5.0,-0.3166666666666666,0.5499999999999999,7.933333333333333
AS14.32,2014-04-08,7.8,t=1147-1149,0.07317735174302474,2410.179166666667,1138.1548333333333,0,0.0,0.0,96.09966666666666,1,1,71.20083333333334,1257.8521666666666,4955.976499438287,12.0,-0.48333333333333334,-0.01666666666666668,7.433333333333334
AS14.32,2014-04-09,7.333333333333333,t=1148-1150,0.07407408237541566,2628.133333333333,1268.5873333333336,0,0.0,0.0,55.77366666666666,1,1,61.8115,1018.9856666666666,4701.8230004707975,7.666666666666667,-0.19999999999999996,-0.06666666666666665,7.5
AS14.32,2014-04-10,8.25,t=1149-1151,0.07837910310724047,2372.325166666667,1901.2885000000003,0,0.0,0.0,16.193,1,1,43.6405,1154.7383333333335,4353.125500599544,12.0,0.21666666666666667,-0.016666666666666663,7.433333333333334
AS14.32,2014-04-11,7.666666666666667,t=1150-1152,0.0818051947411285,2770.3195,1480.6866666666667,0,0.0,0.0,177.09900000000002,1,0,61.83133333333333,621.7515,4399.310500105222,6.833333333333333,0.30277777777777776,0.4083333333333334,7.8694444444444445
AS14.32,2014-04-12,8.6,t=1151-1153,0.10887093188949874,2438.7353333333335,965.1705000000001,0,0.0,0.0,112.66833333333334,1,0,81.52533333333334,997.5486666666666,4301.730166196822,7.0,0.3055555555555555,0.4166666666666667,7.8055555555555545
AS14.32,2014-04-13,8.0,t=1152-1154,0.10505885077527743,1896.7213333333336,570.8768333333333,0,0.0,0.0,102.53616666666666,1,0,71.50683333333333,703.6786666666667,3354.120833118756,6.166666666666667,0.25277777777777777,0.6361111111111112,8.230555555555556
AS14.32,2014-04-14,7.5,t=1153-1155,0.11056181200988961,1553.2376666666667,587.7579999999999,0,0.0,0.0,268.9843333333333,1,0,74.14450000000001,464.1621666666667,3013.8181660175323,6.5,-0.7777777777777778,0.6222222222222222,8.144444444444444
AS14.32,2014-04-15,8.0,t=1154-1156,0.10009861789357839,2507.4171666666666,615.198,0,0.0,0.0,174.18933333333334,1,0,62.83283333333333,885.7963333333333,4679.974999030433,4.666666666666667,-0.31666666666666665,0.5833333333333334,7.8500000000000005
AS14.32,2014-04-16,8.5,t=1155-1157,0.11024368370709052,2410.589,835.3321666666667,0,0.0,0.0,79.39433333333334,1,0,95.53583333333334,855.419,5193.438165982563,7.0,-0.13333333333333333,0.5166666666666667,7.833333333333333
AS14.32,2014-04-17,8.5,t=1156-1158,0.12234435622923219,2247.0941666666663,1539.9885000000002,0,0.0,0.0,181.5785,1,0,75.3795,1079.9311666666665,4884.161166310309,7.333333333333333,0.4583333333333333,0.625,8.166666666666666
AS14.32,2014-04-18,7.0,t=1157-1159,0.09817211305053793,1623.7731666666666,1425.2130000000004,0,0.0,0.0,121.05233333333332,1,0,45.757166666666656,1248.407,4422.246333678563,6.0,0.5,0.5833333333333334,8.416666666666666
AS14.32,2014-04-19,7.0,t=1158-1160,0.11118689406528286,1897.8583333333333,2468.0955,0,0.0,0.0,140.39016666666666,1,0,78.74583333333332,1187.2228333333333,6349.529500246048,4.0,-0.20833333333333334,0.7916666666666666,7.75
AS14.32,2014-04-20,7.0,t=1159-1161,0.07933817186077878,1159.116,1398.6618333333333,0,0.0,0.0,146.74166666666665,1,0,46.23716666666667,873.8021666666667,4158.434000134468,2.6666666666666665,-0.75,0.9166666666666666,7.25
AS14.32,2014-04-21,7.0,t=1160-1162,0.06564853322916962,1331.2978333333333,733.5036666666666,0,0.0,0.0,88.954,1,0,24.74666666666667,438.1208333333334,3107.021833340327,1.1666666666666667,-1.0,1.0,7.0
AS14.32,2014-04-22,7.0,t=1161-1163,0.041268623529417646,2385.8078333333333,249.88233333333332,0,0.0,0.0,31.16633333333333,0,0,24.611166666666666,227.52999999999997,3183.6991667747493,0.8333333333333334,-1.375,0.375,7.0
AS14.32,2014-04-23,7.0,t=1162-1164,0.08185898464644345,2760.4568333333336,512.128,0,0.0,0.0,297.517,1,0,16.067333333333334,416.52366666666666,5205.333166678744,1.8333333333333333,-1.625,-0.041666666666666664,7.0
AS14.32,2014-04-24,8.0,t=1163-1165,0.10303594535752032,2413.8333333333335,711.2113333333333,0,0.0,0.0,251.48116666666667,1,0,151.693,708.759,5747.384832859035,3.1666666666666665,-0.975,-0.125,7.0
AS14.32,2014-04-25,8.0,t=1164-1166,0.08940486842803601,2464.1738333333333,604.7651666666667,0,0.0,0.0,190.76666666666665,1,0,109.253,1048.202,5457.938832600908,6.333333333333333,-0.35833333333333334,0.20833333333333334,7.5
AS14.32,2014-04-26,8.0,t=1165-1167,0.10616988386902144,2936.539166666667,600.7561666666667,0,0.0,0.0,230.01183333333333,1,0,175.01,1121.4821666666667,11973.602333227796,7.166666666666667,-0.03333333333333333,0.6666666666666666,7.833333333333333
AS14.32,2014-04-27,7.0,t=1166-1168,0.14714733523757081,2549.9978333333333,680.9711666666667,0,0.0,0.0,135.292,1,0,83.17566666666666,576.2026666666667,8251.36750006676,3.8333333333333335,0.0,0.9166666666666666,8.0
AS14.32,2014-04-28,7.5,t=1167-1169,0.10793109275860767,1735.1921666666665,695.1435,0,0.0,0.0,259.8888333333333,1,0,47.75333333333333,1106.1490000000001,6478.6181664864225,3.1666666666666665,-0.25,0.5,7.5
AS14.32,2014-04-29,8.0,t=1168-1170,0.07872034339496974,1983.8410000000001,2828.924833333333,0,0.0,0.0,134.403,1,0,21.33983333333333,1770.0576666666668,5646.396666407586,4.833333333333333,-0.041666666666666664,0.2916666666666667,7.416666666666667
AS14.32,2014-04-30,7.0,t=1169-1171,0.08420293723147497,2051.4493333333335,2015.694833333333,0,0.0,0.0,67.2015,1,0,64.58866666666667,1124.0403333333334,4502.164666334789,5.5,0.5,0.4166666666666667,7.666666666666667
AS14.32,2014-05-01,7.0,t=1170-1172,0.08786684702500754,1998.2160000000001,1322.1161666666665,0,0.0,0.0,0.0,1,0,60.73916666666668,656.9795,5847.100166360539,7.333333333333333,0.375,0.5972222222222222,7.416666666666667
AS14.32,2014-05-02,7.25,t=1171-1173,0.11938154744004786,2345.6499999999996,733.6648333333333,0,0.0,0.0,0.0,1,0,51.639500000000005,448.42533333333336,4932.926499525708,8.333333333333334,-0.3333333333333333,0.3333333333333333,7.166666666666667
AS14.32,2014-05-03,7.5,t=1172-1174,0.10969206046779245,2355.999333333333,776.3441666666666,0,0.0,0.0,0.0,1,0,40.793,554.504,4391.21933356921,9.5,-0.4583333333333333,0.1111111111111111,7.125
AS14.32,2014-05-04,8.666666666666666,t=1173-1175,0.09696709644650509,2073.5171666666665,496.8675,0,0.0,0.0,0.0,1,0,28.25883333333333,422.30150000000003,2967.2208334207535,5.833333333333333,-0.75,0.25,7.333333333333333
AS14.32,2014-05-05,7.0,t=1174-1176,0.1011414574975436,2246.8231666666666,311.43716666666666,0,0.0,0.0,215.04699999999994,1,0,95.22633333333333,383.609,3348.204166531563,3.3333333333333335,-0.20833333333333334,0.6666666666666666,8.041666666666666
AS14.32,2014-05-06,7.0,t=1175-1177,0.07000154589743975,2984.6665,1194.8658333333335,0,0.0,0.0,314.33116666666666,0,0,75.84283333333333,956.0716666666667,4586.803333242732,11.5,-0.3055555555555556,0.4166666666666667,7.638888888888888
AS14.32,2014-05-07,6.0,t=1176-1178,0.09957420816224934,3354.1358333333337,1276.1335000000001,0,0.0,0.0,185.66,0,0,74.73783333333334,886.4146666666666,4565.932999849319,11.833333333333334,-0.36111111111111116,0.16666666666666666,7.277777777777778
AS14.32,2014-05-08,6.0,t=1177-1179,0.08568258376905895,2757.171833333334,998.6973333333334,0,0.0,0.0,57.492333333333335,1,0,52.56216666666668,823.7248333333333,3963.9821660916004,8.5,-0.75,-0.125,6.5
AS14.32,2014-05-09,7.75,t=1178-1180,0.10143320337438504,3071.683333333333,611.8386666666667,0,0.0,0.0,0.3356666666666666,1,0,60.380500000000005,1597.2183333333332,4346.372666517892,10.333333333333334,-0.9166666666666666,-0.20833333333333334,6.166666666666667
AS14.32,2014-05-10,7.25,t=1179-1181,0.0873438121739974,2709.8168333333333,832.6628333333333,0,0.0,0.0,0.1678333333333333,1,0,46.0575,1546.2643333333333,4846.554832180342,10.166666666666666,-0.625,0.25,6.875
AS14.32,2014-05-11,7.2,t=1180-1182,0.11025016750246604,2859.3231666666666,2067.672,0,0.0,0.0,940.5775,1,0,48.123833333333344,1184.95,4967.433666268985,8.5,-0.625,0.4583333333333333,7.208333333333333
AS14.32,2014-05-12,7.2,t=1181-1183,0.10645479863300678,2016.3011666666669,1469.7700000000002,0,0.0,3.0179999999999993,627.0516666666666,1,0,133.7976666666667,647.6705000000001,3514.3438333670306,6.5,-0.9916666666666666,0.39166666666666666,7.308333333333334
AS14.32,2014-05-13,7.2,t=1182-1184,0.11028705931892123,1199.622,811.5465,0,0.0,2.012,313.5258333333333,1,0,92.45266666666667,259.38983333333334,1917.2086667617166,3.0,-0.8916666666666666,0.25,7.208333333333333
AS14.32,2014-05-14,7.2,t=1183-1185,0.09850755442271364,590.1768333333333,187.5091666666667,0,0.0,1.006,0.0,0,0,43.47866666666667,185.302,864.949333270391,1.0,-0.7333333333333333,0.20000000000000004,7.2
AS14.33,2014-04-19,7.666666666666667,t=1184-1186,0.0583212716009933,1386.4044999999999,693.8991666666667,0,0.0,0.0,5981.255166666667,0,0,108.70816666666667,1892.6813333333332,12624.386000792183,3.6666666666666665,-0.5444444444444445,0.9222222222222222,7.266666666666667
AS14.33,2014-04-20,7.4,t=1185-1187,0.15396548730791515,2748.4526666666666,597.7238333333333,0,0.0,0.0,5143.9845,0,0,76.73649999999999,2488.657166666667,11820.620833834007,2.6666666666666665,-0.3666666666666667,1.0,7.5
AS14.33,2014-04-21,7.2,t=1186-1188,0.10795627410133964,2440.736,1021.9706666666667,0,0.0,0.0,6112.065833333333,0,0,60.67733333333333,1600.1898333333336,10620.788833141325,1.3333333333333333,-0.13333333333333333,1.0666666666666667,7.48888888888889
AS14.33,2014-04-22,6.2,t=1187-1189,0.07320064693498213,1897.0146666666667,1063.08,0,0.0,0.0,7728.3605,1,0,61.16266666666667,1030.5983333333334,10367.036499579743,0.3333333333333333,0.0,0.8666666666666666,7.344444444444445
AS14.33,2014-04-23,5.2,t=1188-1190,0.06102824020461232,1388.7549999999999,1166.1935,0,0.0,0.0,8151.968833333333,1,0,70.5185,2257.340333333333,15436.4738325278,3.5,-0.3,0.3,6.733333333333334
AS14.33,2014-04-24,7.0,t=1189-1191,0.03893326287429901,807.7396666666665,1157.582,0,0.0,0.0,6484.121666666667,1,0,70.86766666666666,1828.0926666666667,11929.391499718033,2.8333333333333335,-0.3,-0.26666666666666666,5.866666666666667
AS14.33,2014-04-25,8.4,t=1190-1192,0.08395748774251983,1570.5145,986.7955000000001,0,0.0,0.0,4722.1635,1,0,69.62349999999999,2487.7928333333334,10040.659166495007,5.5,-0.2916666666666667,0.26666666666666666,6.266666666666667
AS14.33,2014-04-26,7.6,t=1191-1193,0.1192686023446005,1561.0043333333333,728.8631666666666,0,0.0,0.0,3404.862833333334,1,0,59.98916666666667,3208.668,9012.20766544342,19.333333333333332,0.2833333333333334,0.7333333333333334,7.400000000000001
AS14.33,2014-04-27,6.2,t=1192-1194,0.2408388850641429,1035.6656666666668,421.8243333333333,0,0.0,0.0,3095.5278333333335,1,0,58.623333333333335,3516.4240000000004,8408.73466606935,23.333333333333332,0.42500000000000004,1.0,7.766666666666666
AS14.33,2014-04-28,6.75,t=1193-1195,0.16483109530517714,1111.7513333333334,995.9283333333333,0,0.0,0.0,5633.184166666666,1,0,59.36183333333333,3108.4503333333328,13785.40916721026,14.833333333333334,-0.33333333333333326,0.7000000000000001,7.033333333333334
AS14.33,2014-04-29,6.2,t=1194-1196,0.11617650317306079,1743.4031666666667,1060.4971666666668,1,0.0,0.0,6781.950000000001,0,0,59.69916666666668,4001.3856666666666,19057.222834229473,6.5,-0.9583333333333334,0.6749999999999999,6.708333333333333
AS14.33,2014-04-30,6.4,t=1195-1197,0.07658803407575482,1657.8291666666667,1018.4098333333333,1,0.0,0.0,6810.824666666666,1,0,99.37150000000001,4298.150833333333,19043.12916668256,3.6666666666666665,-0.8166666666666668,0.5166666666666667,6.383333333333333
AS14.33,2014-05-01,7.0,t=1196-1198,0.04702166825113568,1138.28,891.1535,1,0.0,0.0,5694.4980000000005,1,0,83.45550000000001,2828.1115000000004,13327.992666284243,2.3333333333333335,-0.8416666666666667,0.3833333333333333,6.391666666666667
AS14.33,2014-05-02,7.0,t=1197-1199,0.1065768010259115,1119.0073333333332,800.0219999999999,0,0.0,0.0,4803.748833333334,1,0,70.03733333333334,2890.476,11860.211833079657,5.5,-0.6999999999999998,0.39999999999999997,6.666666666666667
AS14.33,2014-05-03,7.0,t=1198-1200,0.23174958137407375,571.2421666666668,388.16800000000006,0,0.0,0.0,2241.0255,1,0,55.768499999999996,1793.4000000000003,6060.193499803543,5.666666666666667,-0.6666666666666666,0.4583333333333333,6.8999999999999995
AS14.33,2014-05-04,8.333333333333334,t=1199-1201,0.29367474461196436,276.50600000000003,120.26566666666668,0,0.0,0.0,965.0833333333334,1,0,37.14633333333334,7319.283666666666,3672.1968330939603,5.166666666666667,-0.6,0.5,7.0
AS14.33,2014-05-05,7.25,t=1200-1202,0.3287702664072459,186.8785,251.838,0,0.0,0.0,1169.8731666666667,1,0,34.114666666666665,6392.978833333334,4445.892498890559,8.166666666666666,-0.3,0.75,7.666666666666667
AS14.33,2014-05-06,7.25,t=1201-1203,0.18231652610505644,736.351,587.8203333333332,0,0.0,0.0,3574.6675,1,0,35.1655,5163.4375,8838.103332281116,7.666666666666667,-0.85,0.75,7.5694444444444455
AS14.33,2014-05-07,5.0,t=1202-1204,0.10749108541999097,3895.2690000000002,725.5398333333333,0,0.0,0.0,5330.214666666667,1,0,19.310166666666664,2577.056666666667,14185.176499605184,8.5,-1.25,0.7222222222222222,7.430555555555556
AS14.33,2014-05-08,6.6,t=1203-1205,0.03242756550236863,2497.2438333333334,662.4305,0,0.0,0.0,4150.105,1,0,27.271666666666665,1237.4731666666667,9590.984333316488,5.0,-0.875,0.08333333333333333,6.125
AS14.33,2014-05-09,4.8,t=1204-1206,0.05231670600889526,2092.715166666667,995.5921666666667,0,0.0,0.0,4804.370333333333,1,0,70.224,1585.8276666666668,10358.064000129703,5.666666666666667,-0.7333333333333334,0.14444444444444446,6.175
AS14.33,2014-05-10,7.6,t=1205-1207,0.03395716239398244,973.1023333333333,960.0146666666666,0,0.0,0.0,6162.024833333333,1,0,74.21333333333332,1501.1151666666667,10807.35850028197,3.6666666666666665,-0.20833333333333334,-0.05000000000000001,5.433333333333333
AS14.33,2014-05-11,6.0,t=1206-1208,0.06560362942897256,976.734,803.0088333333333,0,0.0,0.0,4820.001499999999,1,0,72.86833333333333,1965.8053333333335,14692.832333564758,4.333333333333333,-0.26666666666666666,0.5,6.5
AS14.33,2014-05-12,6.0,t=1207-1209,0.039813020910039826,655.2420000000001,516.0513333333333,0,0.0,0.0,4201.9963333333335,1,0,59.522333333333336,1097.2111666666667,10385.473167061804,2.0,-0.10000000000000002,0.5,6.333333333333333
AS14.33,2014-05-13,5.0,t=1208-1210,0.03155786243642884,845.7701666666666,457.2581666666667,0,0.0,0.0,3836.5045000000005,1,0,175.8898333333333,1062.7838333333332,12387.006667017937,1.3333333333333333,-0.44166666666666665,0.5499999999999999,6.266666666666667
AS14.33,2014-05-14,6.833333333333333,t=1209-1211,0.0798483153672326,2609.7724999999996,833.9363333333334,0,0.0,0.0,3694.9833333333336,1,0,126.44350000000001,1709.6165,15463.933333158488,0.8333333333333334,0.0,0.2333333333333333,5.5
AS14.33,2014-05-15,6.0,t=1210-1212,0.05265028241445655,1705.0125,1036.6473333333333,0,0.0,0.0,3654.7384999999995,1,0,112.53533333333333,1178.8833333333334,10928.623999635376,0.5,-0.125,0.2833333333333334,6.083333333333333
AS14.33,2014-05-16,7.0,t=1211-1213,0.0859214929416829,2513.8058333333333,940.1120000000001,0,0.0,0.0,5354.3185,1,0,80.77499999999999,2169.9081666666666,12458.180665532744,4.666666666666667,-0.027777777777777773,0.3833333333333333,6.111111111111111
AS14.33,2014-05-17,6.0,t=1212-1214,0.06739870949366068,1455.1646666666666,759.4801666666666,0,0.0,0.0,4369.799166666667,1,0,82.18733333333334,2270.9060000000004,8680.704666137693,8.5,0.1444444444444445,0.7333333333333334,6.638888888888888
AS14.33,2014-05-18,6.0,t=1213-1215,0.04601912499810996,973.5390000000001,565.0065,0,0.0,0.0,4014.7803333333336,1,0,58.78383333333333,1808.9258333333335,9319.142332951227,6.666666666666667,0.25833333333333336,0.5833333333333334,6.333333333333333
AS14.33,2014-05-19,6.2,t=1214-1216,0.023054254078729103,1264.277,637.2885,0,0.0,0.0,6063.793999999999,0,0,57.239,2094.9413333333337,13283.399166782698,2.8333333333333335,-0.14999999999999997,0.37777777777777777,6.166666666666667
AS14.33,2014-05-20,6.25,t=1215-1217,0.01326311008950952,941.0681666666668,487.31200000000007,0,0.0,0.0,5149.298666666667,0,0,72.55233333333332,1211.271,10241.502666870752,0.5,-0.25833333333333336,0.22222222222222224,6.1000000000000005
AS14.33,2014-05-21,6.0,t=1216-1218,0.015195398494190071,898.9248333333335,561.6773333333334,0,0.0,0.0,5396.935333333334,0,0,64.23383333333332,784.4991666666668,8682.599667231238,0.0,-0.4166666666666667,0.35000000000000003,6.191666666666666
AS14.33,2014-05-22,5.75,t=1217-1219,0.01624230415197987,1257.3346666666666,805.5673333333334,0,0.0,0.0,5501.6759999999995,0,0,64.81233333333333,533.3778333333333,8363.07533359527,0.0,-0.5333333333333333,0.09999999999999998,6.116666666666667
AS14.33,2014-05-23,5.833333333333333,t=1218-1220,0.014559663791525316,1385.6605,600.1601666666667,0,0.0,0.0,3953.817833333333,0,0,56.1705,681.0834999999998,6789.261833826698,3.0,-0.055555555555555546,0.14166666666666666,5.916666666666667
AS14.33,2014-05-24,6.4,t=1219-1221,0.01700279501740419,1136.3358333333333,783.0213333333335,0,0.0,0.0,4880.200333333333,0,0,81.35766666666666,853.4721666666668,6524.745500008267,3.0,-0.3611111111111111,0.049999999999999996,5.833333333333333
AS14.33,2014-05-25,6.25,t=1220-1222,0.015928256185778866,1617.1776666666665,953.4839999999999,0,0.0,0.0,5320.304833333334,0,0,83.06033333333333,927.2801666666666,8455.685333410898,1.6666666666666667,-0.5694444444444445,0.16666666666666666,6.102777777777778
AS14.33,2014-05-26,5.4,t=1221-1223,0.0889282319494785,1674.9021666666667,645.4783333333334,0,0.0,0.0,4408.657333333334,0,0,64.97683333333333,1871.7371666666668,8436.248666246733,1.8333333333333333,-0.763888888888889,0.25,6.230555555555555
AS14.33,2014-05-27,6.2,t=1222-1224,0.11380515612866428,1517.5351666666666,597.459,0,0.0,65.265,4627.242166666667,0,0,145.111,1610.571,13722.607166051865,7.5,-0.5750000000000001,0.15277777777777776,5.8500000000000005
AS14.33,2014-05-28,8.2,t=1223-1225,0.07166431203162317,1712.2711666666667,324.306,0,0.0,43.51,3297.0485000000003,0,0,157.01566666666665,1204.9685000000002,9577.082999944687,6.333333333333333,-0.5583333333333332,0.2555555555555556,5.941666666666667
AS14.33,2014-05-29,7.0,t=1224-1226,0.0750855779378426,1866.9313333333332,463.71250000000003,0,0.0,200.70949999999996,4257.604166666667,0,0,351.84116666666677,1726.5005,11677.924999157587,8.666666666666666,-0.26666666666666666,0.7333333333333333,7.066666666666666
AS14.33,2014-05-30,6.8,t=1225-1227,0.12122832329128712,1209.4246666666666,294.05333333333334,0,0.0,119.303,3017.092,1,0,215.03066666666666,1192.6145,7239.939666310946,7.166666666666667,-0.7666666666666666,0.9666666666666667,7.266666666666666
AS14.33,2014-05-31,7.0,t=1226-1228,0.1701189409536494,1303.1918333333333,278.14033333333333,0,0.0,59.6515,3073.380333333333,1,0,128.39933333333332,2203.1238333333336,8325.415165901182,5.833333333333333,-0.8444444444444444,0.3333333333333333,7.099999999999999
